2020-04-27 16:25:52 INFO  Testengine:73 - *******************************************
Initiating Logger.... 
******************************************* 

2020-04-27 16:25:52 INFO  Testengine:76 - *******************************************
Reading Config File.... 
******************************************* 

2020-04-27 16:25:52 INFO  Testengine:87 - Properties file loaded successfully:
2020-04-27 16:25:52 INFO  Testengine:96 - *******************************************
 Setting Up Excel Sheet.... 
******************************************* 

2020-04-27 16:25:52 INFO  Testengine:104 - Setting up Test Summary
2020-04-27 16:25:52 INFO  Testengine:112 - Initiating Browser Driver
2020-04-27 16:25:52 INFO  Testengine:141 - Initiating Edge Browser Driver
2020-04-27 16:26:09 INFO  Testengine:184 - 
****** starting test:test1******

2020-04-27 16:26:09 INFO  Testengine:188 - Browser Launched at Mon Apr 27 16:26:09 IST 2020
2020-04-27 16:26:09 INFO  Testengine:14 - Test started successfully for the method: 
2020-04-27 16:26:09 INFO  Testengine:46 - test1 : Description Entered as Developer
2020-04-27 16:26:09 INFO  Testengine:196 - 
****** Finishing test:test1******

2020-04-27 16:26:09 INFO  Testengine:184 - 
****** starting test:test2******

2020-04-27 16:26:09 INFO  Testengine:188 - Browser Launched at Mon Apr 27 16:26:09 IST 2020
2020-04-27 16:26:09 INFO  Testengine:14 - Test started successfully for the method: 
2020-04-27 16:26:10 INFO  Testengine:61 - test2 : Country selected as India
2020-04-27 16:26:10 INFO  Testengine:49 - 
2020-04-27 16:26:10 INFO  Testengine:196 - 
****** Finishing test:test2******

2020-04-27 16:26:10 INFO  Testengine:184 - 
****** starting test:test3******

2020-04-27 16:26:10 INFO  Testengine:188 - Browser Launched at Mon Apr 27 16:26:10 IST 2020
2020-04-27 16:26:10 INFO  Testengine:14 - Test started successfully for the method: 
2020-04-27 16:26:10 INFO  Testengine:83 - test3 : Country selected as Karnataka
2020-04-27 16:26:11 INFO  Testengine:57 - 
2020-04-27 16:26:11 INFO  Testengine:196 - 
****** Finishing test:test3******

2020-04-27 16:26:11 INFO  Testengine:184 - 
****** starting test:test4******

2020-04-27 16:26:11 INFO  Testengine:188 - Browser Launched at Mon Apr 27 16:26:11 IST 2020
2020-04-27 16:26:11 INFO  Testengine:14 - Test started successfully for the method: 
2020-04-27 16:26:11 INFO  Testengine:105 - test4 : Country selected as Bengaluru
2020-04-27 16:26:11 INFO  Testengine:65 - 
2020-04-27 16:26:11 INFO  Testengine:196 - 
****** Finishing test:test4******

2020-04-27 16:26:11 INFO  Testengine:184 - 
****** starting test:test5******

2020-04-27 16:26:11 INFO  Testengine:188 - Browser Launched at Mon Apr 27 16:26:11 IST 2020
2020-04-27 16:26:11 INFO  Testengine:14 - Test started successfully for the method: 
2020-04-27 16:26:11 INFO  Testengine:122 - test5 : Clicked on Search button:
2020-04-27 16:26:11 INFO  Testengine:196 - 
****** Finishing test:test5******

2020-04-27 16:26:12 INFO  Testengine:184 - 
****** starting test:test6******

2020-04-27 16:26:12 INFO  Testengine:188 - Browser Launched at Mon Apr 27 16:26:12 IST 2020
2020-04-27 16:26:12 INFO  Testengine:14 - Test started successfully for the method: 
2020-04-27 16:26:14 INFO  Testengine:69 - Match found Successfully for the combination : Tech Development Sr Mgr 1	Bengaluru, Karnataka; Hyderabad, Telangana	02/04/2020
2020-04-27 16:26:26 ERROR Testengine:79 - Unable to find the given Job Details in the search Page
2020-04-27 16:26:56 ERROR Testengine:79 - Unable to find the given Job Details in the search Page
2020-04-27 16:26:56 FATAL Testengine:27 - Test step Failed: 
2020-04-27 16:26:56 INFO  Testengine:196 - 
****** Finishing test:test6******

2020-04-27 16:26:56 INFO  Testengine:184 - 
****** starting test:testa1******

2020-04-27 16:26:56 INFO  Testengine:188 - Browser Launched at Mon Apr 27 16:26:56 IST 2020
2020-04-27 16:26:56 INFO  Testengine:14 - Test started successfully for the method: 
2020-04-27 16:26:56 INFO  Testengine:46 - testa1 : Description Entered as Developer
2020-04-27 16:26:57 INFO  Testengine:148 - testa1 : Country selected as Select Country/Region
2020-04-27 16:26:59 INFO  Testengine:122 - testa1 : Clicked on Search button:
2020-04-27 16:27:14 INFO  Testengine:69 - Match found Successfully for the combination : Sr. Ab Initio Developer / Technical Lead (Apps Systems Engineer 5)	Concord, California	04/22/2020
2020-04-27 16:27:14 INFO  Testengine:93 - Clicked on the combination : Sr. Ab Initio Developer / Technical Lead (Apps Systems Engineer 5)	Concord, California	04/22/2020
2020-04-27 16:27:24 ERROR Testengine:79 - Unable to find the given Job Details in the search Page
2020-04-27 16:27:24 INFO  Testengine:196 - 
****** Finishing test:testa1******

2020-04-27 16:27:24 INFO  Testengine:184 - 
****** starting test:test7******

2020-04-27 16:27:24 INFO  Testengine:188 - Browser Launched at Mon Apr 27 16:27:24 IST 2020
2020-04-27 16:27:24 INFO  Testengine:14 - Test started successfully for the method: 
2020-04-27 16:27:24 INFO  Testengine:58 - SaveforLater_Button is displaying in the screen
2020-04-27 16:27:34 FATAL Testengine:86 - org.openqa.selenium.NoSuchElementException: no such element: Unable to locate element: {"method":"xpath","selector":"//h1[contains(text(),'Sr. Ab Initio Developer / Technical Lead (Apps Systems Engineer 5)')]"}
  (Session info: MicrosoftEdge=81.0.416.64)
For documentation on this error, please visit: https://www.seleniumhq.org/exceptions/no_such_element.html
Build info: version: '3.141.59', revision: 'e82be7d358', time: '2018-11-14T08:17:03'
System info: host: 'DESKTOP-J6NT3H3', ip: '192.168.0.8', os.name: 'Windows 10', os.arch: 'amd64', os.version: '10.0', java.version: '1.8.0_242'
Driver info: org.openqa.selenium.edge.EdgeDriver
Capabilities {acceptInsecureCerts: false, browserName: msedge, browserVersion: 81.0.416.64, javascriptEnabled: true, ms:edgeOptions: {debuggerAddress: localhost:63936}, msedge: {msedgedriverVersion: 81.0.409.0 (39f62a1453d7b79..., userDataDir: C:\Users\karth\AppData\Loca...}, networkConnectionEnabled: false, pageLoadStrategy: normal, platform: WINDOWS, platformName: WINDOWS, proxy: Proxy(), setWindowRect: true, strictFileInteractability: false, timeouts: {implicit: 0, pageLoad: 300000, script: 30000}, unhandledPromptBehavior: dismiss and notify, webauthn:virtualAuthenticators: true}
Session ID: 8446ecee228772aa3fce6f9ddd426d27
*** Element info: {Using=xpath, value=//h1[contains(text(),'Sr. Ab Initio Developer / Technical Lead (Apps Systems Engineer 5)')]}
2020-04-27 16:27:34 INFO  Testengine:196 - 
****** Finishing test:test7******

2020-04-27 16:27:35 INFO  Testengine:184 - 
****** starting test:test8******

2020-04-27 16:27:35 INFO  Testengine:188 - Browser Launched at Mon Apr 27 16:27:35 IST 2020
2020-04-27 16:27:35 INFO  Testengine:14 - Test started successfully for the method: 
2020-04-27 16:27:35 WARN  Testengine:97 - Scrolling Failed
2020-04-27 16:27:45 INFO  Testengine:196 - 
****** Finishing test:test8******

2020-04-27 16:27:45 INFO  Testengine:184 - 
****** starting test:test9******

2020-04-27 16:27:45 INFO  Testengine:188 - Browser Launched at Mon Apr 27 16:27:45 IST 2020
2020-04-27 16:27:45 INFO  Testengine:14 - Test started successfully for the method: 
2020-04-27 16:27:45 FATAL Testengine:27 - Test step Failed: 
2020-04-27 16:27:45 INFO  Testengine:196 - 
****** Finishing test:test9******

2020-04-27 16:27:55 INFO  Testengine:48 - Test completed successfully for the method: 
2020-04-27 16:27:55 INFO  Testengine:104 - Setting up Test Summary
2020-04-27 16:27:55 INFO  Testengine:112 - Initiating Browser Driver
2020-04-27 16:27:55 INFO  Testengine:127 - Initiating Firefox Browser Driver
2020-04-27 16:28:16 INFO  Testengine:184 - 
****** starting test:test1******

2020-04-27 16:28:16 INFO  Testengine:188 - Browser Launched at Mon Apr 27 16:28:16 IST 2020
2020-04-27 16:28:16 INFO  Testengine:14 - Test started successfully for the method: 
2020-04-27 16:28:16 INFO  Testengine:46 - test1 : Description Entered as Developer
2020-04-27 16:28:16 INFO  Testengine:196 - 
****** Finishing test:test1******

2020-04-27 16:28:16 INFO  Testengine:184 - 
****** starting test:test2******

2020-04-27 16:28:16 INFO  Testengine:188 - Browser Launched at Mon Apr 27 16:28:16 IST 2020
2020-04-27 16:28:16 INFO  Testengine:14 - Test started successfully for the method: 
2020-04-27 16:28:17 INFO  Testengine:61 - test2 : Country selected as India
2020-04-27 16:28:17 INFO  Testengine:49 - 
2020-04-27 16:28:17 INFO  Testengine:196 - 
****** Finishing test:test2******

2020-04-27 16:28:17 INFO  Testengine:184 - 
****** starting test:test3******

2020-04-27 16:28:17 INFO  Testengine:188 - Browser Launched at Mon Apr 27 16:28:17 IST 2020
2020-04-27 16:28:17 INFO  Testengine:14 - Test started successfully for the method: 
2020-04-27 16:28:17 INFO  Testengine:83 - test3 : Country selected as Karnataka
2020-04-27 16:28:18 INFO  Testengine:57 - 
2020-04-27 16:28:18 INFO  Testengine:196 - 
****** Finishing test:test3******

2020-04-27 16:28:18 INFO  Testengine:184 - 
****** starting test:test4******

2020-04-27 16:28:18 INFO  Testengine:188 - Browser Launched at Mon Apr 27 16:28:18 IST 2020
2020-04-27 16:28:18 INFO  Testengine:14 - Test started successfully for the method: 
2020-04-27 16:28:18 INFO  Testengine:105 - test4 : Country selected as Bengaluru
2020-04-27 16:28:18 INFO  Testengine:65 - 
2020-04-27 16:28:18 INFO  Testengine:196 - 
****** Finishing test:test4******

2020-04-27 16:28:18 INFO  Testengine:184 - 
****** starting test:test5******

2020-04-27 16:28:18 INFO  Testengine:188 - Browser Launched at Mon Apr 27 16:28:18 IST 2020
2020-04-27 16:28:18 INFO  Testengine:14 - Test started successfully for the method: 
2020-04-27 16:28:21 INFO  Testengine:122 - test5 : Clicked on Search button:
2020-04-27 16:28:21 INFO  Testengine:196 - 
****** Finishing test:test5******

2020-04-27 16:28:21 INFO  Testengine:184 - 
****** starting test:test6******

2020-04-27 16:28:21 INFO  Testengine:188 - Browser Launched at Mon Apr 27 16:28:21 IST 2020
2020-04-27 16:28:21 INFO  Testengine:14 - Test started successfully for the method: 
2020-04-27 16:28:23 INFO  Testengine:69 - Match found Successfully for the combination : Tech Development Sr Mgr 1	Bengaluru, Karnataka; Hyderabad, Telangana	02/04/2020
2020-04-27 16:28:37 ERROR Testengine:79 - Unable to find the given Job Details in the search Page
2020-04-27 16:29:07 ERROR Testengine:79 - Unable to find the given Job Details in the search Page
2020-04-27 16:29:07 FATAL Testengine:27 - Test step Failed: 
2020-04-27 16:29:07 INFO  Testengine:196 - 
****** Finishing test:test6******

2020-04-27 16:29:07 INFO  Testengine:184 - 
****** starting test:testa1******

2020-04-27 16:29:07 INFO  Testengine:188 - Browser Launched at Mon Apr 27 16:29:07 IST 2020
2020-04-27 16:29:07 INFO  Testengine:14 - Test started successfully for the method: 
2020-04-27 16:29:08 INFO  Testengine:46 - testa1 : Description Entered as Developer
2020-04-27 16:29:08 INFO  Testengine:148 - testa1 : Country selected as Select Country/Region
2020-04-27 16:29:09 FATAL Testengine:153 - testa1 : Unable to clear the country from the dropdownlist
2020-04-27 16:29:13 INFO  Testengine:122 - testa1 : Clicked on Search button:
2020-04-27 16:29:24 INFO  Testengine:69 - Match found Successfully for the combination : Sr. Ab Initio Developer / Technical Lead (Apps Systems Engineer 5)	Concord, California	04/22/2020
2020-04-27 16:29:38 ERROR Testengine:79 - Unable to find the given Job Details in the search Page
2020-04-27 16:29:38 INFO  Testengine:196 - 
****** Finishing test:testa1******

2020-04-27 16:29:38 INFO  Testengine:184 - 
****** starting test:test7******

2020-04-27 16:29:38 INFO  Testengine:188 - Browser Launched at Mon Apr 27 16:29:38 IST 2020
2020-04-27 16:29:38 INFO  Testengine:14 - Test started successfully for the method: 
2020-04-27 16:29:38 INFO  Testengine:58 - SaveforLater_Button is displaying in the screen
2020-04-27 16:29:39 INFO  Testengine:72 - SignUP frame is displaying in the top of the screen
2020-04-27 16:29:39 INFO  Testengine:76 - SignUP text"Join our talent community" is displaying the screen
2020-04-27 16:29:39 INFO  Testengine:80 - SignUP text"Sign up to receive updates and job alerts." is displaying the screen
2020-04-27 16:29:39 INFO  Testengine:83 - SignUP button is displaying in the screen
2020-04-27 16:29:39 INFO  Testengine:196 - 
****** Finishing test:test7******

2020-04-27 16:29:39 INFO  Testengine:184 - 
****** starting test:test8******

2020-04-27 16:29:39 INFO  Testengine:188 - Browser Launched at Mon Apr 27 16:29:39 IST 2020
2020-04-27 16:29:39 INFO  Testengine:14 - Test started successfully for the method: 
2020-04-27 16:29:39 WARN  Testengine:97 - Scrolling Failed
2020-04-27 16:29:49 INFO  Testengine:196 - 
****** Finishing test:test8******

2020-04-27 16:29:49 INFO  Testengine:184 - 
****** starting test:test9******

2020-04-27 16:29:49 INFO  Testengine:188 - Browser Launched at Mon Apr 27 16:29:49 IST 2020
2020-04-27 16:29:49 INFO  Testengine:14 - Test started successfully for the method: 
2020-04-27 16:29:49 FATAL Testengine:27 - Test step Failed: 
2020-04-27 16:29:49 INFO  Testengine:196 - 
****** Finishing test:test9******

2020-04-27 16:29:59 INFO  Testengine:48 - Test completed successfully for the method: 
2020-04-27 16:29:59 INFO  Testengine:104 - Setting up Test Summary
2020-04-27 16:29:59 INFO  Testengine:112 - Initiating Browser Driver
2020-04-27 16:29:59 INFO  Testengine:114 - Initiating Chrome Browser Driver
2020-04-27 16:30:09 INFO  Testengine:184 - 
****** starting test:test1******

2020-04-27 16:30:09 INFO  Testengine:188 - Browser Launched at Mon Apr 27 16:30:09 IST 2020
2020-04-27 16:30:09 INFO  Testengine:14 - Test started successfully for the method: 
2020-04-27 16:30:09 INFO  Testengine:46 - test1 : Description Entered as Developer
2020-04-27 16:30:09 INFO  Testengine:196 - 
****** Finishing test:test1******

2020-04-27 16:30:09 INFO  Testengine:184 - 
****** starting test:test2******

2020-04-27 16:30:09 INFO  Testengine:188 - Browser Launched at Mon Apr 27 16:30:09 IST 2020
2020-04-27 16:30:09 INFO  Testengine:14 - Test started successfully for the method: 
2020-04-27 16:30:10 INFO  Testengine:61 - test2 : Country selected as India
2020-04-27 16:30:10 INFO  Testengine:49 - 
2020-04-27 16:30:10 INFO  Testengine:196 - 
****** Finishing test:test2******

2020-04-27 16:30:10 INFO  Testengine:184 - 
****** starting test:test3******

2020-04-27 16:30:10 INFO  Testengine:188 - Browser Launched at Mon Apr 27 16:30:10 IST 2020
2020-04-27 16:30:10 INFO  Testengine:14 - Test started successfully for the method: 
2020-04-27 16:30:11 INFO  Testengine:83 - test3 : Country selected as Karnataka
2020-04-27 16:30:11 INFO  Testengine:57 - 
2020-04-27 16:30:11 INFO  Testengine:196 - 
****** Finishing test:test3******

2020-04-27 16:30:11 INFO  Testengine:184 - 
****** starting test:test4******

2020-04-27 16:30:11 INFO  Testengine:188 - Browser Launched at Mon Apr 27 16:30:11 IST 2020
2020-04-27 16:30:11 INFO  Testengine:14 - Test started successfully for the method: 
2020-04-27 16:30:11 INFO  Testengine:105 - test4 : Country selected as Bengaluru
2020-04-27 16:30:11 INFO  Testengine:65 - 
2020-04-27 16:30:11 INFO  Testengine:196 - 
****** Finishing test:test4******

2020-04-27 16:30:11 INFO  Testengine:184 - 
****** starting test:test5******

2020-04-27 16:30:11 INFO  Testengine:188 - Browser Launched at Mon Apr 27 16:30:11 IST 2020
2020-04-27 16:30:11 INFO  Testengine:14 - Test started successfully for the method: 
2020-04-27 16:30:12 INFO  Testengine:122 - test5 : Clicked on Search button:
2020-04-27 16:30:12 INFO  Testengine:196 - 
****** Finishing test:test5******

2020-04-27 16:30:12 INFO  Testengine:184 - 
****** starting test:test6******

2020-04-27 16:30:12 INFO  Testengine:188 - Browser Launched at Mon Apr 27 16:30:12 IST 2020
2020-04-27 16:30:12 INFO  Testengine:14 - Test started successfully for the method: 
2020-04-27 16:30:15 INFO  Testengine:69 - Match found Successfully for the combination : Tech Development Sr Mgr 1	Bengaluru, Karnataka; Hyderabad, Telangana	02/04/2020
2020-04-27 16:30:26 ERROR Testengine:79 - Unable to find the given Job Details in the search Page
2020-04-27 16:30:56 ERROR Testengine:79 - Unable to find the given Job Details in the search Page
2020-04-27 16:30:56 FATAL Testengine:27 - Test step Failed: 
2020-04-27 16:30:56 INFO  Testengine:196 - 
****** Finishing test:test6******

2020-04-27 16:30:56 INFO  Testengine:184 - 
****** starting test:testa1******

2020-04-27 16:30:56 INFO  Testengine:188 - Browser Launched at Mon Apr 27 16:30:56 IST 2020
2020-04-27 16:30:56 INFO  Testengine:14 - Test started successfully for the method: 
2020-04-27 16:30:57 INFO  Testengine:46 - testa1 : Description Entered as Developer
2020-04-27 16:30:57 INFO  Testengine:148 - testa1 : Country selected as Select Country/Region
2020-04-27 16:31:00 INFO  Testengine:122 - testa1 : Clicked on Search button:
2020-04-27 16:31:16 INFO  Testengine:69 - Match found Successfully for the combination : Sr. Ab Initio Developer / Technical Lead (Apps Systems Engineer 5)	Concord, California	04/22/2020
2020-04-27 16:31:28 ERROR Testengine:79 - Unable to find the given Job Details in the search Page
2020-04-27 16:31:28 INFO  Testengine:196 - 
****** Finishing test:testa1******

2020-04-27 16:31:28 INFO  Testengine:184 - 
****** starting test:test7******

2020-04-27 16:31:28 INFO  Testengine:188 - Browser Launched at Mon Apr 27 16:31:28 IST 2020
2020-04-27 16:31:28 INFO  Testengine:14 - Test started successfully for the method: 
2020-04-27 16:31:28 INFO  Testengine:58 - SaveforLater_Button is displaying in the screen
2020-04-27 16:31:28 INFO  Testengine:72 - SignUP frame is displaying in the top of the screen
2020-04-27 16:31:28 INFO  Testengine:76 - SignUP text"Join our talent community" is displaying the screen
2020-04-27 16:31:28 INFO  Testengine:80 - SignUP text"Sign up to receive updates and job alerts." is displaying the screen
2020-04-27 16:31:28 INFO  Testengine:83 - SignUP button is displaying in the screen
2020-04-27 16:31:28 INFO  Testengine:196 - 
****** Finishing test:test7******

2020-04-27 16:31:28 INFO  Testengine:184 - 
****** starting test:test8******

2020-04-27 16:31:28 INFO  Testengine:188 - Browser Launched at Mon Apr 27 16:31:28 IST 2020
2020-04-27 16:31:28 INFO  Testengine:14 - Test started successfully for the method: 
2020-04-27 16:31:28 WARN  Testengine:97 - Scrolling Failed
2020-04-27 16:31:39 INFO  Testengine:196 - 
****** Finishing test:test8******

2020-04-27 16:31:39 INFO  Testengine:184 - 
****** starting test:test9******

2020-04-27 16:31:39 INFO  Testengine:188 - Browser Launched at Mon Apr 27 16:31:39 IST 2020
2020-04-27 16:31:39 INFO  Testengine:14 - Test started successfully for the method: 
2020-04-27 16:31:39 FATAL Testengine:27 - Test step Failed: 
2020-04-27 16:31:39 INFO  Testengine:196 - 
****** Finishing test:test9******

2020-04-27 16:31:49 INFO  Testengine:48 - Test completed successfully for the method: 
2020-04-27 17:44:51 INFO  Testengine:74 - *******************************************
Initiating Logger.... 
******************************************* 

2020-04-27 17:44:51 INFO  Testengine:77 - *******************************************
Reading Config File.... 
******************************************* 

2020-04-27 17:44:51 INFO  Testengine:88 - Properties file loaded successfully:
2020-04-27 17:44:51 INFO  Testengine:97 - *******************************************
 Setting Up Excel Sheet.... 
******************************************* 

2020-04-27 17:44:51 INFO  Testengine:105 - Setting up Test Summary
2020-04-27 17:44:51 INFO  Testengine:105 - Setting up Test Summary
2020-04-27 17:44:51 INFO  Testengine:105 - Setting up Test Summary
2020-04-27 17:44:51 INFO  Testengine:113 - Getting the WebDriver Instances for the edge browser
2020-04-27 17:44:51 INFO  Testengine:17 - Initiating Browser Driver
2020-04-27 17:44:51 INFO  Testengine:46 - Initiating Edge Browser Driver
2020-04-27 17:44:52 INFO  Testengine:113 - Getting the WebDriver Instances for the edge browser
2020-04-27 17:44:52 INFO  Testengine:17 - Initiating Browser Driver
2020-04-27 17:44:52 INFO  Testengine:46 - Initiating Edge Browser Driver
2020-04-27 17:44:52 INFO  Testengine:113 - Getting the WebDriver Instances for the edge browser
2020-04-27 17:44:52 INFO  Testengine:17 - Initiating Browser Driver
2020-04-27 17:44:52 INFO  Testengine:46 - Initiating Edge Browser Driver
2020-04-27 17:44:59 INFO  Testengine:14 - Test started successfully for the method: 
2020-04-27 17:44:59 INFO  Testengine:14 - Test started successfully for the method: 
2020-04-27 17:44:59 INFO  Testengine:14 - Test started successfully for the method: 
2020-04-27 17:44:59 INFO  Testengine:14 - Test started successfully for the method: 
2020-04-27 17:44:59 INFO  Testengine:14 - Test started successfully for the method: 
2020-04-27 17:44:59 INFO  Testengine:14 - Test started successfully for the method: 
2020-04-27 17:44:59 INFO  Testengine:14 - Test started successfully for the method: 
2020-04-27 17:44:59 INFO  Testengine:14 - Test started successfully for the method: 
2020-04-27 17:44:59 INFO  Testengine:14 - Test started successfully for the method: 
2020-04-27 17:44:59 INFO  Testengine:14 - Test started successfully for the method: 
2020-04-27 17:44:59 INFO  Testengine:14 - Test started successfully for the method: 
2020-04-27 17:44:59 INFO  Testengine:14 - Test started successfully for the method: 
2020-04-27 17:44:59 INFO  Testengine:14 - Test started successfully for the method: 
2020-04-27 17:45:00 INFO  Testengine:14 - Test started successfully for the method: 
2020-04-27 17:45:00 INFO  Testengine:14 - Test started successfully for the method: 
2020-04-27 17:45:00 INFO  Testengine:14 - Test started successfully for the method: 
2020-04-27 17:45:00 INFO  Testengine:14 - Test started successfully for the method: 
2020-04-27 17:45:00 INFO  Testengine:14 - Test started successfully for the method: 
2020-04-27 17:45:00 INFO  Testengine:14 - Test started successfully for the method: 
2020-04-27 17:45:00 INFO  Testengine:14 - Test started successfully for the method: 
2020-04-27 17:45:00 INFO  Testengine:14 - Test started successfully for the method: 
2020-04-27 17:45:00 INFO  Testengine:14 - Test started successfully for the method: 
2020-04-27 17:45:00 INFO  Testengine:14 - Test started successfully for the method: 
2020-04-27 17:45:00 INFO  Testengine:14 - Test started successfully for the method: 
2020-04-27 17:45:00 INFO  Testengine:14 - Test started successfully for the method: 
2020-04-27 17:45:00 INFO  Testengine:14 - Test started successfully for the method: 
2020-04-27 17:45:00 INFO  Testengine:14 - Test started successfully for the method: 
2020-04-27 17:45:00 INFO  Testengine:14 - Test started successfully for the method: 
2020-04-27 17:45:00 INFO  Testengine:14 - Test started successfully for the method: 
2020-04-27 17:45:00 INFO  Testengine:14 - Test started successfully for the method: 
2020-04-27 17:45:00 INFO  Testengine:48 - Test completed successfully for the method: 
2020-04-27 17:45:00 INFO  Testengine:48 - Test completed successfully for the method: 
2020-04-27 17:45:00 INFO  Testengine:48 - Test completed successfully for the method: 
2020-04-27 17:45:47 INFO  Testengine:74 - *******************************************
Initiating Logger.... 
******************************************* 

2020-04-27 17:45:47 INFO  Testengine:77 - *******************************************
Reading Config File.... 
******************************************* 

2020-04-27 17:45:47 INFO  Testengine:88 - Properties file loaded successfully:
2020-04-27 17:45:47 INFO  Testengine:97 - *******************************************
 Setting Up Excel Sheet.... 
******************************************* 

2020-04-27 17:45:47 INFO  Testengine:105 - Setting up Test Summary
2020-04-27 17:45:47 INFO  Testengine:113 - Getting the WebDriver Instances for the edge browser
2020-04-27 17:45:47 INFO  Testengine:17 - Initiating Browser Driver
2020-04-27 17:45:47 INFO  Testengine:46 - Initiating Edge Browser Driver
2020-04-27 17:45:54 INFO  Testengine:14 - Test started successfully for the method: 
2020-04-27 17:45:54 INFO  Testengine:14 - Test started successfully for the method: 
2020-04-27 17:45:54 INFO  Testengine:14 - Test started successfully for the method: 
2020-04-27 17:45:54 INFO  Testengine:14 - Test started successfully for the method: 
2020-04-27 17:45:54 INFO  Testengine:14 - Test started successfully for the method: 
2020-04-27 17:45:54 INFO  Testengine:14 - Test started successfully for the method: 
2020-04-27 17:45:54 INFO  Testengine:14 - Test started successfully for the method: 
2020-04-27 17:45:54 INFO  Testengine:14 - Test started successfully for the method: 
2020-04-27 17:45:54 INFO  Testengine:14 - Test started successfully for the method: 
2020-04-27 17:45:54 INFO  Testengine:14 - Test started successfully for the method: 
2020-04-27 17:45:54 INFO  Testengine:48 - Test completed successfully for the method: 
2020-04-27 17:45:54 INFO  Testengine:105 - Setting up Test Summary
2020-04-27 17:45:54 INFO  Testengine:113 - Getting the WebDriver Instances for the firefox browser
2020-04-27 17:45:54 INFO  Testengine:17 - Initiating Browser Driver
2020-04-27 17:45:54 INFO  Testengine:32 - Initiating Firefox Browser Driver
2020-04-27 17:46:04 INFO  Testengine:14 - Test started successfully for the method: 
2020-04-27 17:46:04 INFO  Testengine:14 - Test started successfully for the method: 
2020-04-27 17:46:04 INFO  Testengine:14 - Test started successfully for the method: 
2020-04-27 17:46:04 INFO  Testengine:14 - Test started successfully for the method: 
2020-04-27 17:46:04 INFO  Testengine:14 - Test started successfully for the method: 
2020-04-27 17:46:04 INFO  Testengine:14 - Test started successfully for the method: 
2020-04-27 17:46:04 INFO  Testengine:14 - Test started successfully for the method: 
2020-04-27 17:46:04 INFO  Testengine:14 - Test started successfully for the method: 
2020-04-27 17:46:04 INFO  Testengine:14 - Test started successfully for the method: 
2020-04-27 17:46:04 INFO  Testengine:14 - Test started successfully for the method: 
2020-04-27 17:46:04 INFO  Testengine:48 - Test completed successfully for the method: 
2020-04-27 17:46:04 INFO  Testengine:105 - Setting up Test Summary
2020-04-27 17:46:04 INFO  Testengine:113 - Getting the WebDriver Instances for the chrome browser
2020-04-27 17:46:04 INFO  Testengine:17 - Initiating Browser Driver
2020-04-27 17:46:04 INFO  Testengine:19 - Initiating Chrome Browser Driver
2020-04-27 17:46:36 INFO  Testengine:74 - *******************************************
Initiating Logger.... 
******************************************* 

2020-04-27 17:46:36 INFO  Testengine:77 - *******************************************
Reading Config File.... 
******************************************* 

2020-04-27 17:46:36 INFO  Testengine:88 - Properties file loaded successfully:
2020-04-27 17:46:36 INFO  Testengine:97 - *******************************************
 Setting Up Excel Sheet.... 
******************************************* 

2020-04-27 17:46:36 INFO  Testengine:105 - Setting up Test Summary
2020-04-27 17:46:36 INFO  Testengine:113 - Getting the WebDriver Instances for the edge browser
2020-04-27 17:46:36 INFO  Testengine:17 - Initiating Browser Driver
2020-04-27 17:46:36 INFO  Testengine:46 - Initiating Edge Browser Driver
2020-04-27 17:47:08 INFO  Testengine:74 - *******************************************
Initiating Logger.... 
******************************************* 

2020-04-27 17:47:09 INFO  Testengine:77 - *******************************************
Reading Config File.... 
******************************************* 

2020-04-27 17:47:09 INFO  Testengine:88 - Properties file loaded successfully:
2020-04-27 17:47:09 INFO  Testengine:97 - *******************************************
 Setting Up Excel Sheet.... 
******************************************* 

2020-04-27 17:47:09 INFO  Testengine:105 - Setting up Test Summary
2020-04-27 17:47:09 INFO  Testengine:113 - Getting the WebDriver Instances for the edge browser
2020-04-27 17:47:09 INFO  Testengine:17 - Initiating Browser Driver
2020-04-27 17:47:09 INFO  Testengine:46 - Initiating Edge Browser Driver
2020-04-27 17:47:15 INFO  Testengine:14 - Test started successfully for the method: 
2020-04-27 17:47:15 INFO  Testengine:14 - Test started successfully for the method: 
2020-04-27 17:47:15 INFO  Testengine:14 - Test started successfully for the method: 
2020-04-27 17:47:15 INFO  Testengine:14 - Test started successfully for the method: 
2020-04-27 17:47:15 INFO  Testengine:48 - Test completed successfully for the method: 
2020-04-27 17:47:15 INFO  Testengine:105 - Setting up Test Summary
2020-04-27 17:47:15 INFO  Testengine:113 - Getting the WebDriver Instances for the firefox browser
2020-04-27 17:47:15 INFO  Testengine:17 - Initiating Browser Driver
2020-04-27 17:47:15 INFO  Testengine:32 - Initiating Firefox Browser Driver
2020-04-27 17:47:56 INFO  Testengine:74 - *******************************************
Initiating Logger.... 
******************************************* 

2020-04-27 17:47:56 INFO  Testengine:77 - *******************************************
Reading Config File.... 
******************************************* 

2020-04-27 17:47:56 INFO  Testengine:88 - Properties file loaded successfully:
2020-04-27 17:47:56 INFO  Testengine:97 - *******************************************
 Setting Up Excel Sheet.... 
******************************************* 

2020-04-27 17:47:56 INFO  Testengine:105 - Setting up Test Summary
2020-04-27 17:47:56 INFO  Testengine:113 - Getting the WebDriver Instances for the edge browser
2020-04-27 17:47:56 INFO  Testengine:17 - Initiating Browser Driver
2020-04-27 17:47:56 INFO  Testengine:46 - Initiating Edge Browser Driver
2020-04-27 17:48:03 INFO  Testengine:14 - Test started successfully for the method: 
2020-04-27 17:48:03 INFO  Testengine:14 - Test started successfully for the method: 
2020-04-27 17:48:03 INFO  Testengine:14 - Test started successfully for the method: 
2020-04-27 17:48:03 INFO  Testengine:14 - Test started successfully for the method: 
2020-04-27 17:48:03 INFO  Testengine:48 - Test completed successfully for the method: 
2020-04-27 17:48:03 INFO  Testengine:105 - Setting up Test Summary
2020-04-27 17:48:03 INFO  Testengine:113 - Getting the WebDriver Instances for the firefox browser
2020-04-27 17:48:03 INFO  Testengine:17 - Initiating Browser Driver
2020-04-27 17:48:03 INFO  Testengine:32 - Initiating Firefox Browser Driver
2020-04-27 17:48:45 INFO  Testengine:74 - *******************************************
Initiating Logger.... 
******************************************* 

2020-04-27 17:48:45 INFO  Testengine:77 - *******************************************
Reading Config File.... 
******************************************* 

2020-04-27 17:48:45 INFO  Testengine:88 - Properties file loaded successfully:
2020-04-27 17:48:45 INFO  Testengine:97 - *******************************************
 Setting Up Excel Sheet.... 
******************************************* 

2020-04-27 17:48:45 INFO  Testengine:105 - Setting up Test Summary
2020-04-27 17:48:45 INFO  Testengine:113 - Getting the WebDriver Instances for the edge browser
2020-04-27 17:48:45 INFO  Testengine:17 - Initiating Browser Driver
2020-04-27 17:48:45 INFO  Testengine:46 - Initiating Edge Browser Driver
2020-04-27 17:48:52 INFO  Testengine:132 - 
****** starting test:test1******

2020-04-27 17:48:52 INFO  Testengine:136 - Browser Launched at Mon Apr 27 17:48:52 IST 2020
2020-04-27 17:48:52 INFO  Testengine:14 - Test started successfully for the method: 
2020-04-27 17:49:50 INFO  Testengine:74 - *******************************************
Initiating Logger.... 
******************************************* 

2020-04-27 17:49:50 INFO  Testengine:77 - *******************************************
Reading Config File.... 
******************************************* 

2020-04-27 17:49:50 INFO  Testengine:88 - Properties file loaded successfully:
2020-04-27 17:49:50 INFO  Testengine:97 - *******************************************
 Setting Up Excel Sheet.... 
******************************************* 

2020-04-27 17:49:50 INFO  Testengine:105 - Setting up Test Summary
2020-04-27 17:49:50 INFO  Testengine:113 - Getting the WebDriver Instances for the edge browser
2020-04-27 17:49:50 INFO  Testengine:17 - Initiating Browser Driver
2020-04-27 17:49:50 INFO  Testengine:46 - Initiating Edge Browser Driver
2020-04-27 17:50:34 INFO  Testengine:74 - *******************************************
Initiating Logger.... 
******************************************* 

2020-04-27 17:50:34 INFO  Testengine:77 - *******************************************
Reading Config File.... 
******************************************* 

2020-04-27 17:50:34 INFO  Testengine:88 - Properties file loaded successfully:
2020-04-27 17:50:34 INFO  Testengine:97 - *******************************************
 Setting Up Excel Sheet.... 
******************************************* 

2020-04-27 17:50:34 INFO  Testengine:105 - Setting up Test Summary
2020-04-27 17:50:34 INFO  Testengine:113 - Getting the WebDriver Instances for the edge browser
2020-04-27 17:50:34 INFO  Testengine:17 - Initiating Browser Driver
2020-04-27 17:50:34 INFO  Testengine:46 - Initiating Edge Browser Driver
2020-04-27 17:50:49 INFO  Testengine:132 - 
****** starting test:test1******

2020-04-27 17:50:49 INFO  Testengine:136 - Browser Launched at Mon Apr 27 17:50:49 IST 2020
2020-04-27 17:50:49 INFO  Testengine:14 - Test started successfully for the method: 
2020-04-27 17:50:50 INFO  Testengine:47 - test1 : Description Entered as Developer
2020-04-27 17:50:50 INFO  Testengine:144 - 
****** Finishing test:test1******

2020-04-27 17:50:50 INFO  Testengine:132 - 
****** starting test:test2******

2020-04-27 17:50:50 INFO  Testengine:136 - Browser Launched at Mon Apr 27 17:50:50 IST 2020
2020-04-27 17:50:50 INFO  Testengine:14 - Test started successfully for the method: 
2020-04-27 17:50:50 INFO  Testengine:62 - test2 : Country selected as India
2020-04-27 17:50:51 INFO  Testengine:48 - 
2020-04-27 17:50:51 INFO  Testengine:144 - 
****** Finishing test:test2******

2020-04-27 17:50:51 INFO  Testengine:132 - 
****** starting test:test3******

2020-04-27 17:50:51 INFO  Testengine:136 - Browser Launched at Mon Apr 27 17:50:51 IST 2020
2020-04-27 17:50:51 INFO  Testengine:14 - Test started successfully for the method: 
2020-04-27 17:50:51 INFO  Testengine:84 - test3 : Country selected as Karnataka
2020-04-27 17:50:51 INFO  Testengine:56 - 
2020-04-27 17:50:51 INFO  Testengine:144 - 
****** Finishing test:test3******

2020-04-27 17:50:51 INFO  Testengine:132 - 
****** starting test:test4******

2020-04-27 17:50:51 INFO  Testengine:136 - Browser Launched at Mon Apr 27 17:50:51 IST 2020
2020-04-27 17:50:51 INFO  Testengine:14 - Test started successfully for the method: 
2020-04-27 17:50:51 INFO  Testengine:106 - test4 : Country selected as Bengaluru
2020-04-27 17:50:51 INFO  Testengine:64 - 
2020-04-27 17:50:51 INFO  Testengine:144 - 
****** Finishing test:test4******

2020-04-27 17:51:02 INFO  Testengine:48 - Test completed successfully for the method: 
2020-04-27 17:51:44 INFO  Testengine:74 - *******************************************
Initiating Logger.... 
******************************************* 

2020-04-27 17:51:44 INFO  Testengine:77 - *******************************************
Reading Config File.... 
******************************************* 

2020-04-27 17:51:44 INFO  Testengine:88 - Properties file loaded successfully:
2020-04-27 17:51:44 INFO  Testengine:97 - *******************************************
 Setting Up Excel Sheet.... 
******************************************* 

2020-04-27 17:51:44 INFO  Testengine:105 - Setting up Test Summary
2020-04-27 17:51:44 INFO  Testengine:105 - Setting up Test Summary
2020-04-27 17:51:44 INFO  Testengine:105 - Setting up Test Summary
2020-04-27 17:51:44 INFO  Testengine:113 - Getting the WebDriver Instances for the chrome browser
2020-04-27 17:51:44 INFO  Testengine:113 - Getting the WebDriver Instances for the chrome browser
2020-04-27 17:51:44 INFO  Testengine:113 - Getting the WebDriver Instances for the chrome browser
2020-04-27 17:51:44 INFO  Testengine:17 - Initiating Browser Driver
2020-04-27 17:51:44 INFO  Testengine:17 - Initiating Browser Driver
2020-04-27 17:51:44 INFO  Testengine:19 - Initiating Chrome Browser Driver
2020-04-27 17:51:44 INFO  Testengine:17 - Initiating Browser Driver
2020-04-27 17:51:44 INFO  Testengine:19 - Initiating Chrome Browser Driver
2020-04-27 17:51:44 INFO  Testengine:19 - Initiating Chrome Browser Driver
2020-04-27 17:51:56 INFO  Testengine:132 - 
****** starting test:test1******

2020-04-27 17:51:56 INFO  Testengine:132 - 
****** starting test:test1******

2020-04-27 17:51:56 INFO  Testengine:132 - 
****** starting test:test1******

2020-04-27 17:51:56 INFO  Testengine:136 - Browser Launched at Mon Apr 27 17:51:56 IST 2020
2020-04-27 17:51:56 INFO  Testengine:136 - Browser Launched at Mon Apr 27 17:51:56 IST 2020
2020-04-27 17:51:56 INFO  Testengine:136 - Browser Launched at Mon Apr 27 17:51:56 IST 2020
2020-04-27 17:51:56 INFO  Testengine:14 - Test started successfully for the method: 
2020-04-27 17:51:56 INFO  Testengine:14 - Test started successfully for the method: 
2020-04-27 17:51:56 INFO  Testengine:14 - Test started successfully for the method: 
2020-04-27 17:51:57 INFO  Testengine:47 - test1 : Description Entered as Developer
2020-04-27 17:51:57 INFO  Testengine:47 - test1 : Description Entered as Developer
2020-04-27 17:51:57 INFO  Testengine:47 - test1 : Description Entered as Developer
2020-04-27 17:51:58 FATAL Testengine:27 - Test step Failed: 
2020-04-27 17:51:58 FATAL Testengine:27 - Test step Failed: 
2020-04-27 17:51:58 INFO  Testengine:144 - 
****** Finishing test:test1******

2020-04-27 17:51:58 INFO  Testengine:144 - 
****** Finishing test:test1******

2020-04-27 17:51:58 FATAL Testengine:27 - Test step Failed: 
2020-04-27 17:51:58 INFO  Testengine:144 - 
****** Finishing test:test1******

2020-04-27 17:51:58 INFO  Testengine:132 - 
****** starting test:test2******

2020-04-27 17:51:58 INFO  Testengine:136 - Browser Launched at Mon Apr 27 17:51:58 IST 2020
2020-04-27 17:51:58 INFO  Testengine:14 - Test started successfully for the method: 
2020-04-27 17:51:58 INFO  Testengine:132 - 
****** starting test:test2******

2020-04-27 17:51:58 INFO  Testengine:136 - Browser Launched at Mon Apr 27 17:51:58 IST 2020
2020-04-27 17:51:58 INFO  Testengine:14 - Test started successfully for the method: 
2020-04-27 17:51:58 INFO  Testengine:132 - 
****** starting test:test2******

2020-04-27 17:51:58 INFO  Testengine:136 - Browser Launched at Mon Apr 27 17:51:58 IST 2020
2020-04-27 17:51:58 INFO  Testengine:14 - Test started successfully for the method: 
2020-04-27 17:51:58 FATAL Testengine:27 - Test step Failed: 
2020-04-27 17:51:58 INFO  Testengine:144 - 
****** Finishing test:test2******

2020-04-27 17:51:59 INFO  Testengine:132 - 
****** starting test:test3******

2020-04-27 17:51:59 INFO  Testengine:136 - Browser Launched at Mon Apr 27 17:51:59 IST 2020
2020-04-27 17:51:59 INFO  Testengine:14 - Test started successfully for the method: 
2020-04-27 17:52:16 INFO  Testengine:74 - *******************************************
Initiating Logger.... 
******************************************* 

2020-04-27 17:52:16 INFO  Testengine:77 - *******************************************
Reading Config File.... 
******************************************* 

2020-04-27 17:52:16 INFO  Testengine:88 - Properties file loaded successfully:
2020-04-27 17:52:16 INFO  Testengine:97 - *******************************************
 Setting Up Excel Sheet.... 
******************************************* 

2020-04-27 17:52:16 INFO  Testengine:105 - Setting up Test Summary
2020-04-27 17:52:16 INFO  Testengine:113 - Getting the WebDriver Instances for the edge browser
2020-04-27 17:52:16 INFO  Testengine:17 - Initiating Browser Driver
2020-04-27 17:52:16 INFO  Testengine:46 - Initiating Edge Browser Driver
2020-04-27 17:52:31 INFO  Testengine:132 - 
****** starting test:test1******

2020-04-27 17:52:31 INFO  Testengine:136 - Browser Launched at Mon Apr 27 17:52:31 IST 2020
2020-04-27 17:52:31 INFO  Testengine:14 - Test started successfully for the method: 
2020-04-27 17:52:31 INFO  Testengine:47 - test1 : Description Entered as Developer
2020-04-27 17:52:31 INFO  Testengine:144 - 
****** Finishing test:test1******

2020-04-27 17:52:32 INFO  Testengine:132 - 
****** starting test:test2******

2020-04-27 17:52:32 INFO  Testengine:136 - Browser Launched at Mon Apr 27 17:52:32 IST 2020
2020-04-27 17:52:32 INFO  Testengine:14 - Test started successfully for the method: 
2020-04-27 17:52:32 INFO  Testengine:62 - test2 : Country selected as India
2020-04-27 17:52:33 INFO  Testengine:48 - 
2020-04-27 17:52:33 INFO  Testengine:144 - 
****** Finishing test:test2******

2020-04-27 17:52:33 INFO  Testengine:132 - 
****** starting test:test3******

2020-04-27 17:52:33 INFO  Testengine:136 - Browser Launched at Mon Apr 27 17:52:33 IST 2020
2020-04-27 17:52:33 INFO  Testengine:14 - Test started successfully for the method: 
2020-04-27 17:52:33 INFO  Testengine:84 - test3 : Country selected as Karnataka
2020-04-27 17:52:33 INFO  Testengine:56 - 
2020-04-27 17:52:33 INFO  Testengine:144 - 
****** Finishing test:test3******

2020-04-27 17:52:33 INFO  Testengine:132 - 
****** starting test:test4******

2020-04-27 17:52:33 INFO  Testengine:136 - Browser Launched at Mon Apr 27 17:52:33 IST 2020
2020-04-27 17:52:33 INFO  Testengine:14 - Test started successfully for the method: 
2020-04-27 17:52:34 INFO  Testengine:106 - test4 : Country selected as Bengaluru
2020-04-27 17:52:34 INFO  Testengine:64 - 
2020-04-27 17:52:34 INFO  Testengine:144 - 
****** Finishing test:test4******

2020-04-27 17:52:44 INFO  Testengine:48 - Test completed successfully for the method: 
2020-04-27 17:52:44 INFO  Testengine:105 - Setting up Test Summary
2020-04-27 17:52:44 INFO  Testengine:113 - Getting the WebDriver Instances for the firefox browser
2020-04-27 17:52:44 INFO  Testengine:17 - Initiating Browser Driver
2020-04-27 17:52:44 INFO  Testengine:32 - Initiating Firefox Browser Driver
2020-04-27 17:53:02 INFO  Testengine:132 - 
****** starting test:test1******

2020-04-27 17:53:02 INFO  Testengine:136 - Browser Launched at Mon Apr 27 17:53:02 IST 2020
2020-04-27 17:53:02 INFO  Testengine:14 - Test started successfully for the method: 
2020-04-27 17:53:02 INFO  Testengine:47 - test1 : Description Entered as Developer
2020-04-27 17:53:02 INFO  Testengine:144 - 
****** Finishing test:test1******

2020-04-27 17:53:02 INFO  Testengine:132 - 
****** starting test:test2******

2020-04-27 17:53:02 INFO  Testengine:136 - Browser Launched at Mon Apr 27 17:53:02 IST 2020
2020-04-27 17:53:02 INFO  Testengine:14 - Test started successfully for the method: 
2020-04-27 17:53:03 INFO  Testengine:62 - test2 : Country selected as India
2020-04-27 17:53:03 INFO  Testengine:48 - 
2020-04-27 17:53:03 INFO  Testengine:144 - 
****** Finishing test:test2******

2020-04-27 17:53:03 INFO  Testengine:132 - 
****** starting test:test3******

2020-04-27 17:53:03 INFO  Testengine:136 - Browser Launched at Mon Apr 27 17:53:03 IST 2020
2020-04-27 17:53:03 INFO  Testengine:14 - Test started successfully for the method: 
2020-04-27 17:53:04 INFO  Testengine:84 - test3 : Country selected as Karnataka
2020-04-27 17:53:04 INFO  Testengine:56 - 
2020-04-27 17:53:04 INFO  Testengine:144 - 
****** Finishing test:test3******

2020-04-27 17:53:04 INFO  Testengine:132 - 
****** starting test:test4******

2020-04-27 17:53:04 INFO  Testengine:136 - Browser Launched at Mon Apr 27 17:53:04 IST 2020
2020-04-27 17:53:04 INFO  Testengine:14 - Test started successfully for the method: 
2020-04-27 17:53:05 INFO  Testengine:106 - test4 : Country selected as Bengaluru
2020-04-27 17:53:05 INFO  Testengine:64 - 
2020-04-27 17:53:05 INFO  Testengine:144 - 
****** Finishing test:test4******

2020-04-27 17:53:15 INFO  Testengine:48 - Test completed successfully for the method: 
2020-04-27 17:53:15 INFO  Testengine:105 - Setting up Test Summary
2020-04-27 17:53:15 INFO  Testengine:113 - Getting the WebDriver Instances for the chrome browser
2020-04-27 17:53:15 INFO  Testengine:17 - Initiating Browser Driver
2020-04-27 17:53:15 INFO  Testengine:19 - Initiating Chrome Browser Driver
2020-04-27 17:53:23 INFO  Testengine:132 - 
****** starting test:test1******

2020-04-27 17:53:23 INFO  Testengine:136 - Browser Launched at Mon Apr 27 17:53:23 IST 2020
2020-04-27 17:53:23 INFO  Testengine:14 - Test started successfully for the method: 
2020-04-27 17:53:23 INFO  Testengine:47 - test1 : Description Entered as Developer
2020-04-27 17:53:23 INFO  Testengine:144 - 
****** Finishing test:test1******

2020-04-27 17:53:23 INFO  Testengine:132 - 
****** starting test:test2******

2020-04-27 17:53:23 INFO  Testengine:136 - Browser Launched at Mon Apr 27 17:53:23 IST 2020
2020-04-27 17:53:23 INFO  Testengine:14 - Test started successfully for the method: 
2020-04-27 17:53:24 INFO  Testengine:62 - test2 : Country selected as India
2020-04-27 17:53:25 INFO  Testengine:48 - 
2020-04-27 17:53:25 INFO  Testengine:144 - 
****** Finishing test:test2******

2020-04-27 17:53:25 INFO  Testengine:132 - 
****** starting test:test3******

2020-04-27 17:53:25 INFO  Testengine:136 - Browser Launched at Mon Apr 27 17:53:25 IST 2020
2020-04-27 17:53:25 INFO  Testengine:14 - Test started successfully for the method: 
2020-04-27 17:53:25 INFO  Testengine:84 - test3 : Country selected as Karnataka
2020-04-27 17:53:25 INFO  Testengine:56 - 
2020-04-27 17:53:25 INFO  Testengine:144 - 
****** Finishing test:test3******

2020-04-27 17:53:25 INFO  Testengine:132 - 
****** starting test:test4******

2020-04-27 17:53:25 INFO  Testengine:136 - Browser Launched at Mon Apr 27 17:53:25 IST 2020
2020-04-27 17:53:25 INFO  Testengine:14 - Test started successfully for the method: 
2020-04-27 17:53:26 INFO  Testengine:106 - test4 : Country selected as Bengaluru
2020-04-27 17:53:26 INFO  Testengine:64 - 
2020-04-27 17:53:26 INFO  Testengine:144 - 
****** Finishing test:test4******

2020-04-27 17:53:36 INFO  Testengine:48 - Test completed successfully for the method: 
2020-04-27 17:55:18 INFO  Testengine:74 - *******************************************
Initiating Logger.... 
******************************************* 

2020-04-27 17:55:19 INFO  Testengine:77 - *******************************************
Reading Config File.... 
******************************************* 

2020-04-27 17:55:19 INFO  Testengine:88 - Properties file loaded successfully:
2020-04-27 17:55:19 INFO  Testengine:97 - *******************************************
 Setting Up Excel Sheet.... 
******************************************* 

2020-04-27 17:55:19 INFO  Testengine:105 - Setting up Test Summary
2020-04-27 17:55:19 INFO  Testengine:113 - Getting the WebDriver Instances for the edge browser
2020-04-27 17:55:19 INFO  Testengine:17 - Initiating Browser Driver
2020-04-27 17:55:19 INFO  Testengine:46 - Initiating Edge Browser Driver
2020-04-27 17:55:34 INFO  Testengine:132 - 
****** starting test:test1******

2020-04-27 17:55:34 INFO  Testengine:136 - Browser Launched at Mon Apr 27 17:55:34 IST 2020
2020-04-27 17:55:34 INFO  Testengine:14 - Test started successfully for the method: 
2020-04-27 17:55:34 INFO  Testengine:47 - test1 : Description Entered as Developer
2020-04-27 17:55:34 INFO  Testengine:144 - 
****** Finishing test:test1******

2020-04-27 17:55:45 INFO  Testengine:74 - *******************************************
Initiating Logger.... 
******************************************* 

2020-04-27 17:55:45 INFO  Testengine:77 - *******************************************
Reading Config File.... 
******************************************* 

2020-04-27 17:55:45 INFO  Testengine:88 - Properties file loaded successfully:
2020-04-27 17:55:45 INFO  Testengine:97 - *******************************************
 Setting Up Excel Sheet.... 
******************************************* 

2020-04-27 17:55:45 INFO  Testengine:105 - Setting up Test Summary
2020-04-27 17:55:45 INFO  Testengine:105 - Setting up Test Summary
2020-04-27 17:55:45 INFO  Testengine:105 - Setting up Test Summary
2020-04-27 17:55:45 INFO  Testengine:113 - Getting the WebDriver Instances for the edge browser
2020-04-27 17:55:45 INFO  Testengine:113 - Getting the WebDriver Instances for the edge browser
2020-04-27 17:55:45 INFO  Testengine:113 - Getting the WebDriver Instances for the edge browser
2020-04-27 17:55:45 INFO  Testengine:17 - Initiating Browser Driver
2020-04-27 17:55:45 INFO  Testengine:17 - Initiating Browser Driver
2020-04-27 17:55:45 INFO  Testengine:17 - Initiating Browser Driver
2020-04-27 17:55:45 INFO  Testengine:46 - Initiating Edge Browser Driver
2020-04-27 17:55:45 INFO  Testengine:46 - Initiating Edge Browser Driver
2020-04-27 17:55:45 INFO  Testengine:46 - Initiating Edge Browser Driver
2020-04-27 17:56:08 INFO  Testengine:132 - 
****** starting test:test1******

2020-04-27 17:56:08 INFO  Testengine:132 - 
****** starting test:test1******

2020-04-27 17:56:08 INFO  Testengine:132 - 
****** starting test:test1******

2020-04-27 17:56:08 INFO  Testengine:136 - Browser Launched at Mon Apr 27 17:56:08 IST 2020
2020-04-27 17:56:08 INFO  Testengine:136 - Browser Launched at Mon Apr 27 17:56:08 IST 2020
2020-04-27 17:56:08 INFO  Testengine:136 - Browser Launched at Mon Apr 27 17:56:08 IST 2020
2020-04-27 17:56:08 INFO  Testengine:14 - Test started successfully for the method: 
2020-04-27 17:56:08 INFO  Testengine:14 - Test started successfully for the method: 
2020-04-27 17:56:08 INFO  Testengine:14 - Test started successfully for the method: 
2020-04-27 17:56:09 INFO  Testengine:47 - test1 : Description Entered as Developer
2020-04-27 17:56:09 INFO  Testengine:47 - test1 : Description Entered as Developer
2020-04-27 17:56:09 INFO  Testengine:47 - test1 : Description Entered as Developer
2020-04-27 17:56:09 FATAL Testengine:27 - Test step Failed: 
2020-04-27 17:56:09 INFO  Testengine:144 - 
****** Finishing test:test1******

2020-04-27 17:56:09 FATAL Testengine:27 - Test step Failed: 
2020-04-27 17:56:09 INFO  Testengine:144 - 
****** Finishing test:test1******

2020-04-27 17:56:09 FATAL Testengine:27 - Test step Failed: 
2020-04-27 17:56:09 INFO  Testengine:144 - 
****** Finishing test:test1******

2020-04-27 17:56:10 INFO  Testengine:132 - 
****** starting test:test2******

2020-04-27 17:56:10 INFO  Testengine:132 - 
****** starting test:test2******

2020-04-27 17:56:10 INFO  Testengine:136 - Browser Launched at Mon Apr 27 17:56:10 IST 2020
2020-04-27 17:56:10 INFO  Testengine:14 - Test started successfully for the method: 
2020-04-27 17:56:10 INFO  Testengine:136 - Browser Launched at Mon Apr 27 17:56:10 IST 2020
2020-04-27 17:56:10 INFO  Testengine:14 - Test started successfully for the method: 
2020-04-27 17:56:10 INFO  Testengine:132 - 
****** starting test:test2******

2020-04-27 17:56:10 INFO  Testengine:136 - Browser Launched at Mon Apr 27 17:56:10 IST 2020
2020-04-27 17:56:10 INFO  Testengine:14 - Test started successfully for the method: 
2020-04-27 17:56:11 INFO  Testengine:62 - test2 : Country selected as India
2020-04-27 17:56:11 INFO  Testengine:62 - test2 : Country selected as India
2020-04-27 17:56:11 INFO  Testengine:62 - test2 : Country selected as India
2020-04-27 17:56:11 INFO  Testengine:48 - 
2020-04-27 17:56:11 INFO  Testengine:144 - 
****** Finishing test:test2******

2020-04-27 17:56:11 FATAL Testengine:66 - Unable to find the country India in the dropdownlist
2020-04-27 17:56:11 FATAL Testengine:66 - Unable to find the country India in the dropdownlist
2020-04-27 17:56:11 FATAL Testengine:27 - Test step Failed: 
2020-04-27 17:56:11 FATAL Testengine:27 - Test step Failed: 
2020-04-27 17:56:11 INFO  Testengine:144 - 
****** Finishing test:test2******

2020-04-27 17:56:11 INFO  Testengine:144 - 
****** Finishing test:test2******

2020-04-27 17:56:11 INFO  Testengine:132 - 
****** starting test:test3******

2020-04-27 17:56:11 INFO  Testengine:132 - 
****** starting test:test3******

2020-04-27 17:56:11 INFO  Testengine:136 - Browser Launched at Mon Apr 27 17:56:11 IST 2020
2020-04-27 17:56:11 INFO  Testengine:136 - Browser Launched at Mon Apr 27 17:56:11 IST 2020
2020-04-27 17:56:11 INFO  Testengine:14 - Test started successfully for the method: 
2020-04-27 17:56:11 INFO  Testengine:14 - Test started successfully for the method: 
2020-04-27 17:56:11 INFO  Testengine:132 - 
****** starting test:test3******

2020-04-27 17:56:11 INFO  Testengine:136 - Browser Launched at Mon Apr 27 17:56:11 IST 2020
2020-04-27 17:56:11 INFO  Testengine:14 - Test started successfully for the method: 
2020-04-27 17:56:12 INFO  Testengine:84 - test3 : Country selected as Karnataka
2020-04-27 17:56:12 INFO  Testengine:84 - test3 : Country selected as Karnataka
2020-04-27 17:56:12 INFO  Testengine:84 - test3 : Country selected as Karnataka
2020-04-27 17:56:12 INFO  Testengine:56 - 
2020-04-27 17:56:12 INFO  Testengine:144 - 
****** Finishing test:test3******

2020-04-27 17:56:12 INFO  Testengine:56 - 
2020-04-27 17:56:12 INFO  Testengine:144 - 
****** Finishing test:test3******

2020-04-27 17:56:12 INFO  Testengine:56 - 
2020-04-27 17:56:12 INFO  Testengine:144 - 
****** Finishing test:test3******

2020-04-27 17:56:12 INFO  Testengine:132 - 
****** starting test:test4******

2020-04-27 17:56:12 INFO  Testengine:132 - 
****** starting test:test4******

2020-04-27 17:56:12 INFO  Testengine:136 - Browser Launched at Mon Apr 27 17:56:12 IST 2020
2020-04-27 17:56:12 INFO  Testengine:136 - Browser Launched at Mon Apr 27 17:56:12 IST 2020
2020-04-27 17:56:12 INFO  Testengine:14 - Test started successfully for the method: 
2020-04-27 17:56:12 INFO  Testengine:14 - Test started successfully for the method: 
2020-04-27 17:56:12 INFO  Testengine:132 - 
****** starting test:test4******

2020-04-27 17:56:12 INFO  Testengine:136 - Browser Launched at Mon Apr 27 17:56:12 IST 2020
2020-04-27 17:56:12 INFO  Testengine:14 - Test started successfully for the method: 
2020-04-27 17:56:13 INFO  Testengine:106 - test4 : Country selected as Bengaluru
2020-04-27 17:56:13 INFO  Testengine:64 - 
2020-04-27 17:56:13 INFO  Testengine:144 - 
****** Finishing test:test4******

2020-04-27 17:56:13 INFO  Testengine:106 - test4 : Country selected as Bengaluru
2020-04-27 17:56:13 INFO  Testengine:64 - 
2020-04-27 17:56:13 INFO  Testengine:144 - 
****** Finishing test:test4******

2020-04-27 17:56:13 INFO  Testengine:106 - test4 : Country selected as Bengaluru
2020-04-27 17:56:13 INFO  Testengine:64 - 
2020-04-27 17:56:13 INFO  Testengine:144 - 
****** Finishing test:test4******

2020-04-27 17:56:42 INFO  Testengine:74 - *******************************************
Initiating Logger.... 
******************************************* 

2020-04-27 17:56:42 INFO  Testengine:77 - *******************************************
Reading Config File.... 
******************************************* 

2020-04-27 17:56:42 INFO  Testengine:88 - Properties file loaded successfully:
2020-04-27 17:56:42 INFO  Testengine:97 - *******************************************
 Setting Up Excel Sheet.... 
******************************************* 

2020-04-27 17:56:42 INFO  Testengine:105 - Setting up Test Summary
2020-04-27 17:56:43 INFO  Testengine:113 - Getting the WebDriver Instances for the edge browser
2020-04-27 17:56:43 INFO  Testengine:17 - Initiating Browser Driver
2020-04-27 17:56:43 INFO  Testengine:46 - Initiating Edge Browser Driver
2020-04-27 17:56:58 INFO  Testengine:132 - 
****** starting test:test1******

2020-04-27 17:56:58 INFO  Testengine:136 - Browser Launched at Mon Apr 27 17:56:58 IST 2020
2020-04-27 17:56:58 INFO  Testengine:14 - Test started successfully for the method: 
2020-04-27 17:56:59 INFO  Testengine:47 - test1 : Description Entered as Developer
2020-04-27 17:56:59 INFO  Testengine:144 - 
****** Finishing test:test1******

2020-04-27 17:56:59 INFO  Testengine:132 - 
****** starting test:test2******

2020-04-27 17:56:59 INFO  Testengine:136 - Browser Launched at Mon Apr 27 17:56:59 IST 2020
2020-04-27 17:56:59 INFO  Testengine:14 - Test started successfully for the method: 
2020-04-27 17:57:00 INFO  Testengine:62 - test2 : Country selected as India
2020-04-27 17:57:00 INFO  Testengine:48 - 
2020-04-27 17:57:00 INFO  Testengine:144 - 
****** Finishing test:test2******

2020-04-27 17:57:00 INFO  Testengine:132 - 
****** starting test:test3******

2020-04-27 17:57:00 INFO  Testengine:136 - Browser Launched at Mon Apr 27 17:57:00 IST 2020
2020-04-27 17:57:00 INFO  Testengine:14 - Test started successfully for the method: 
2020-04-27 17:57:00 INFO  Testengine:84 - test3 : Country selected as Karnataka
2020-04-27 17:57:00 INFO  Testengine:56 - 
2020-04-27 17:57:00 INFO  Testengine:144 - 
****** Finishing test:test3******

2020-04-27 17:57:00 INFO  Testengine:132 - 
****** starting test:test4******

2020-04-27 17:57:00 INFO  Testengine:136 - Browser Launched at Mon Apr 27 17:57:00 IST 2020
2020-04-27 17:57:00 INFO  Testengine:14 - Test started successfully for the method: 
2020-04-27 17:57:01 INFO  Testengine:106 - test4 : Country selected as Bengaluru
2020-04-27 17:57:01 INFO  Testengine:64 - 
2020-04-27 17:57:01 INFO  Testengine:144 - 
****** Finishing test:test4******

2020-04-27 17:57:11 INFO  Testengine:48 - Test completed successfully for the method: 
2020-04-27 17:57:11 INFO  Testengine:105 - Setting up Test Summary
2020-04-27 17:57:11 INFO  Testengine:113 - Getting the WebDriver Instances for the firefox browser
2020-04-27 17:57:11 INFO  Testengine:17 - Initiating Browser Driver
2020-04-27 17:57:11 INFO  Testengine:32 - Initiating Firefox Browser Driver
2020-04-27 17:57:26 INFO  Testengine:132 - 
****** starting test:test1******

2020-04-27 17:57:26 INFO  Testengine:136 - Browser Launched at Mon Apr 27 17:57:26 IST 2020
2020-04-27 17:57:26 INFO  Testengine:14 - Test started successfully for the method: 
2020-04-27 17:57:26 INFO  Testengine:47 - test1 : Description Entered as Developer
2020-04-27 17:57:26 INFO  Testengine:144 - 
****** Finishing test:test1******

2020-04-27 17:57:26 INFO  Testengine:132 - 
****** starting test:test2******

2020-04-27 17:57:26 INFO  Testengine:136 - Browser Launched at Mon Apr 27 17:57:26 IST 2020
2020-04-27 17:57:26 INFO  Testengine:14 - Test started successfully for the method: 
2020-04-27 17:57:27 INFO  Testengine:62 - test2 : Country selected as India
2020-04-27 17:57:27 INFO  Testengine:48 - 
2020-04-27 17:57:27 INFO  Testengine:144 - 
****** Finishing test:test2******

2020-04-27 17:57:27 INFO  Testengine:132 - 
****** starting test:test3******

2020-04-27 17:57:27 INFO  Testengine:136 - Browser Launched at Mon Apr 27 17:57:27 IST 2020
2020-04-27 17:57:27 INFO  Testengine:14 - Test started successfully for the method: 
2020-04-27 17:57:28 INFO  Testengine:84 - test3 : Country selected as Karnataka
2020-04-27 17:57:28 FATAL Testengine:88 - Unable to find the country Karnataka in the dropdownlist
2020-04-27 17:57:28 FATAL Testengine:27 - Test step Failed: 
2020-04-27 17:57:28 INFO  Testengine:144 - 
****** Finishing test:test3******

2020-04-27 17:57:28 INFO  Testengine:132 - 
****** starting test:test4******

2020-04-27 17:57:28 INFO  Testengine:136 - Browser Launched at Mon Apr 27 17:57:28 IST 2020
2020-04-27 17:57:28 INFO  Testengine:14 - Test started successfully for the method: 
2020-04-27 17:57:29 INFO  Testengine:106 - test4 : Country selected as Bengaluru
2020-04-27 17:57:29 INFO  Testengine:64 - 
2020-04-27 17:57:29 INFO  Testengine:144 - 
****** Finishing test:test4******

2020-04-27 17:57:39 INFO  Testengine:48 - Test completed successfully for the method: 
2020-04-27 17:57:39 INFO  Testengine:105 - Setting up Test Summary
2020-04-27 17:57:39 INFO  Testengine:113 - Getting the WebDriver Instances for the chrome browser
2020-04-27 17:57:39 INFO  Testengine:17 - Initiating Browser Driver
2020-04-27 17:57:39 INFO  Testengine:19 - Initiating Chrome Browser Driver
2020-04-27 17:57:49 INFO  Testengine:74 - *******************************************
Initiating Logger.... 
******************************************* 

2020-04-27 17:57:49 INFO  Testengine:77 - *******************************************
Reading Config File.... 
******************************************* 

2020-04-27 17:57:49 INFO  Testengine:88 - Properties file loaded successfully:
2020-04-27 17:57:49 INFO  Testengine:97 - *******************************************
 Setting Up Excel Sheet.... 
******************************************* 

2020-04-27 17:57:49 INFO  Testengine:105 - Setting up Test Summary
2020-04-27 17:57:49 INFO  Testengine:105 - Setting up Test Summary
2020-04-27 17:57:49 INFO  Testengine:113 - Getting the WebDriver Instances for the firefox browser
2020-04-27 17:57:49 INFO  Testengine:113 - Getting the WebDriver Instances for the firefox browser
2020-04-27 17:57:49 INFO  Testengine:17 - Initiating Browser Driver
2020-04-27 17:57:49 INFO  Testengine:17 - Initiating Browser Driver
2020-04-27 17:57:49 INFO  Testengine:32 - Initiating Firefox Browser Driver
2020-04-27 17:57:49 INFO  Testengine:32 - Initiating Firefox Browser Driver
2020-04-27 17:58:07 INFO  Testengine:14 - Test started successfully for the method: 
2020-04-27 17:58:07 INFO  Testengine:14 - Test started successfully for the method: 
2020-04-27 17:58:07 INFO  Testengine:14 - Test started successfully for the method: 
2020-04-27 17:58:07 INFO  Testengine:14 - Test started successfully for the method: 
2020-04-27 17:58:07 INFO  Testengine:105 - Setting up Test Summary
2020-04-27 17:58:07 INFO  Testengine:113 - Getting the WebDriver Instances for the chrome browser
2020-04-27 17:58:07 INFO  Testengine:17 - Initiating Browser Driver
2020-04-27 17:58:07 INFO  Testengine:19 - Initiating Chrome Browser Driver
2020-04-27 17:59:44 INFO  Testengine:74 - *******************************************
Initiating Logger.... 
******************************************* 

2020-04-27 17:59:44 INFO  Testengine:77 - *******************************************
Reading Config File.... 
******************************************* 

2020-04-27 17:59:44 INFO  Testengine:88 - Properties file loaded successfully:
2020-04-27 17:59:44 INFO  Testengine:97 - *******************************************
 Setting Up Excel Sheet.... 
******************************************* 

2020-04-27 17:59:44 INFO  Testengine:105 - Setting up Test Summary
2020-04-27 17:59:44 INFO  Testengine:113 - Getting the WebDriver Instances for the edge browser
2020-04-27 17:59:44 INFO  Testengine:17 - Initiating Browser Driver
2020-04-27 17:59:44 INFO  Testengine:46 - Initiating Edge Browser Driver
2020-04-27 18:00:00 INFO  Testengine:132 - 
****** starting test:test1******

2020-04-27 18:00:00 INFO  Testengine:136 - Browser Launched at Mon Apr 27 18:00:00 IST 2020
2020-04-27 18:00:00 INFO  Testengine:14 - Test started successfully for the method: 
2020-04-27 18:00:00 INFO  Testengine:47 - test1 : Description Entered as Developer
2020-04-27 18:00:00 INFO  Testengine:144 - 
****** Finishing test:test1******

2020-04-27 18:00:00 INFO  Testengine:132 - 
****** starting test:test2******

2020-04-27 18:00:00 INFO  Testengine:136 - Browser Launched at Mon Apr 27 18:00:00 IST 2020
2020-04-27 18:00:00 INFO  Testengine:14 - Test started successfully for the method: 
2020-04-27 18:00:01 INFO  Testengine:62 - test2 : Country selected as India
2020-04-27 18:00:01 INFO  Testengine:48 - 
2020-04-27 18:00:01 INFO  Testengine:144 - 
****** Finishing test:test2******

2020-04-27 18:00:01 INFO  Testengine:132 - 
****** starting test:test3******

2020-04-27 18:00:01 INFO  Testengine:136 - Browser Launched at Mon Apr 27 18:00:01 IST 2020
2020-04-27 18:00:01 INFO  Testengine:14 - Test started successfully for the method: 
2020-04-27 18:00:02 INFO  Testengine:84 - test3 : Country selected as Karnataka
2020-04-27 18:00:02 INFO  Testengine:56 - 
2020-04-27 18:00:02 INFO  Testengine:144 - 
****** Finishing test:test3******

2020-04-27 18:00:02 INFO  Testengine:132 - 
****** starting test:test4******

2020-04-27 18:00:02 INFO  Testengine:136 - Browser Launched at Mon Apr 27 18:00:02 IST 2020
2020-04-27 18:00:02 INFO  Testengine:14 - Test started successfully for the method: 
2020-04-27 18:00:02 INFO  Testengine:106 - test4 : Country selected as Bengaluru
2020-04-27 18:00:02 INFO  Testengine:64 - 
2020-04-27 18:00:02 INFO  Testengine:144 - 
****** Finishing test:test4******

2020-04-27 18:00:12 INFO  Testengine:48 - Test completed successfully for the method: 
2020-04-27 18:00:12 INFO  Testengine:105 - Setting up Test Summary
2020-04-27 18:00:12 INFO  Testengine:113 - Getting the WebDriver Instances for the firefox browser
2020-04-27 18:00:12 INFO  Testengine:17 - Initiating Browser Driver
2020-04-27 18:00:12 INFO  Testengine:32 - Initiating Firefox Browser Driver
2020-04-27 18:00:33 INFO  Testengine:132 - 
****** starting test:test1******

2020-04-27 18:00:33 INFO  Testengine:136 - Browser Launched at Mon Apr 27 18:00:33 IST 2020
2020-04-27 18:00:33 INFO  Testengine:14 - Test started successfully for the method: 
2020-04-27 18:00:33 INFO  Testengine:47 - test1 : Description Entered as Developer
2020-04-27 18:00:33 INFO  Testengine:144 - 
****** Finishing test:test1******

2020-04-27 18:00:33 INFO  Testengine:132 - 
****** starting test:test2******

2020-04-27 18:00:33 INFO  Testengine:136 - Browser Launched at Mon Apr 27 18:00:33 IST 2020
2020-04-27 18:00:33 INFO  Testengine:14 - Test started successfully for the method: 
2020-04-27 18:00:34 INFO  Testengine:62 - test2 : Country selected as India
2020-04-27 18:00:34 FATAL Testengine:66 - Unable to find the country India in the dropdownlist
2020-04-27 18:00:34 FATAL Testengine:27 - Test step Failed: 
2020-04-27 18:00:34 INFO  Testengine:144 - 
****** Finishing test:test2******

2020-04-27 18:00:34 INFO  Testengine:132 - 
****** starting test:test3******

2020-04-27 18:00:34 INFO  Testengine:136 - Browser Launched at Mon Apr 27 18:00:34 IST 2020
2020-04-27 18:00:34 INFO  Testengine:14 - Test started successfully for the method: 
2020-04-27 18:00:35 INFO  Testengine:84 - test3 : Country selected as Karnataka
2020-04-27 18:00:35 INFO  Testengine:56 - 
2020-04-27 18:00:35 INFO  Testengine:144 - 
****** Finishing test:test3******

2020-04-27 18:00:35 INFO  Testengine:132 - 
****** starting test:test4******

2020-04-27 18:00:35 INFO  Testengine:136 - Browser Launched at Mon Apr 27 18:00:35 IST 2020
2020-04-27 18:00:35 INFO  Testengine:14 - Test started successfully for the method: 
2020-04-27 18:00:35 INFO  Testengine:106 - test4 : Country selected as Bengaluru
2020-04-27 18:00:35 INFO  Testengine:64 - 
2020-04-27 18:00:35 INFO  Testengine:144 - 
****** Finishing test:test4******

2020-04-27 18:00:46 INFO  Testengine:48 - Test completed successfully for the method: 
2020-04-27 18:00:46 INFO  Testengine:105 - Setting up Test Summary
2020-04-27 18:00:46 INFO  Testengine:113 - Getting the WebDriver Instances for the chrome browser
2020-04-27 18:00:46 INFO  Testengine:17 - Initiating Browser Driver
2020-04-27 18:00:46 INFO  Testengine:19 - Initiating Chrome Browser Driver
2020-04-27 18:00:53 INFO  Testengine:74 - *******************************************
Initiating Logger.... 
******************************************* 

2020-04-27 18:00:53 INFO  Testengine:77 - *******************************************
Reading Config File.... 
******************************************* 

2020-04-27 18:00:53 INFO  Testengine:88 - Properties file loaded successfully:
2020-04-27 18:00:53 INFO  Testengine:97 - *******************************************
 Setting Up Excel Sheet.... 
******************************************* 

2020-04-27 18:00:53 INFO  Testengine:105 - Setting up Test Summary
2020-04-27 18:00:53 INFO  Testengine:113 - Getting the WebDriver Instances for the edge browser
2020-04-27 18:00:53 INFO  Testengine:17 - Initiating Browser Driver
2020-04-27 18:00:53 INFO  Testengine:46 - Initiating Edge Browser Driver
2020-04-27 18:01:10 INFO  Testengine:132 - 
****** starting test:test1******

2020-04-27 18:01:10 INFO  Testengine:136 - Browser Launched at Mon Apr 27 18:01:10 IST 2020
2020-04-27 18:01:10 INFO  Testengine:14 - Test started successfully for the method: 
2020-04-27 18:01:10 INFO  Testengine:47 - test1 : Description Entered as Developer
2020-04-27 18:01:10 INFO  Testengine:144 - 
****** Finishing test:test1******

2020-04-27 18:01:11 INFO  Testengine:132 - 
****** starting test:test2******

2020-04-27 18:01:11 INFO  Testengine:136 - Browser Launched at Mon Apr 27 18:01:11 IST 2020
2020-04-27 18:01:11 INFO  Testengine:14 - Test started successfully for the method: 
2020-04-27 18:01:11 INFO  Testengine:62 - test2 : Country selected as India
2020-04-27 18:01:11 INFO  Testengine:48 - 
2020-04-27 18:01:11 INFO  Testengine:144 - 
****** Finishing test:test2******

2020-04-27 18:01:11 INFO  Testengine:132 - 
****** starting test:test3******

2020-04-27 18:01:11 INFO  Testengine:136 - Browser Launched at Mon Apr 27 18:01:11 IST 2020
2020-04-27 18:01:11 INFO  Testengine:14 - Test started successfully for the method: 
2020-04-27 18:01:12 INFO  Testengine:84 - test3 : Country selected as Karnataka
2020-04-27 18:01:12 INFO  Testengine:56 - 
2020-04-27 18:01:12 INFO  Testengine:144 - 
****** Finishing test:test3******

2020-04-27 18:01:12 INFO  Testengine:132 - 
****** starting test:test4******

2020-04-27 18:01:12 INFO  Testengine:136 - Browser Launched at Mon Apr 27 18:01:12 IST 2020
2020-04-27 18:01:12 INFO  Testengine:14 - Test started successfully for the method: 
2020-04-27 18:01:12 INFO  Testengine:106 - test4 : Country selected as Bengaluru
2020-04-27 18:01:12 INFO  Testengine:64 - 
2020-04-27 18:01:12 INFO  Testengine:144 - 
****** Finishing test:test4******

2020-04-27 18:01:31 INFO  Testengine:74 - *******************************************
Initiating Logger.... 
******************************************* 

2020-04-27 18:01:31 INFO  Testengine:77 - *******************************************
Reading Config File.... 
******************************************* 

2020-04-27 18:01:31 INFO  Testengine:88 - Properties file loaded successfully:
2020-04-27 18:01:31 INFO  Testengine:97 - *******************************************
 Setting Up Excel Sheet.... 
******************************************* 

2020-04-27 18:01:31 INFO  Testengine:105 - Setting up Test Summary
2020-04-27 18:01:31 INFO  Testengine:113 - Getting the WebDriver Instances for the edge browser
2020-04-27 18:01:31 INFO  Testengine:17 - Initiating Browser Driver
2020-04-27 18:01:31 INFO  Testengine:46 - Initiating Edge Browser Driver
2020-04-27 18:01:45 INFO  Testengine:132 - 
****** starting test:test2******

2020-04-27 18:01:45 INFO  Testengine:132 - 
****** starting test:test1******

2020-04-27 18:01:45 INFO  Testengine:132 - 
****** starting test:test3******

2020-04-27 18:01:45 INFO  Testengine:136 - Browser Launched at Mon Apr 27 18:01:45 IST 2020
2020-04-27 18:01:45 INFO  Testengine:136 - Browser Launched at Mon Apr 27 18:01:45 IST 2020
2020-04-27 18:01:45 INFO  Testengine:136 - Browser Launched at Mon Apr 27 18:01:45 IST 2020
2020-04-27 18:01:45 INFO  Testengine:14 - Test started successfully for the method: 
2020-04-27 18:01:45 INFO  Testengine:14 - Test started successfully for the method: 
2020-04-27 18:01:45 INFO  Testengine:14 - Test started successfully for the method: 
2020-04-27 18:01:45 INFO  Testengine:47 - test3 : Description Entered as Developer
2020-04-27 18:01:45 INFO  Testengine:144 - 
****** Finishing test:test3******

2020-04-27 18:01:46 INFO  Testengine:132 - 
****** starting test:test4******

2020-04-27 18:01:46 INFO  Testengine:136 - Browser Launched at Mon Apr 27 18:01:46 IST 2020
2020-04-27 18:01:46 INFO  Testengine:14 - Test started successfully for the method: 
2020-04-27 18:01:46 INFO  Testengine:62 - test4 : Country selected as India
2020-04-27 18:01:46 FATAL Testengine:27 - Test step Failed: 
2020-04-27 18:01:46 INFO  Testengine:144 - 
****** Finishing test:test4******

2020-04-27 18:01:46 FATAL Testengine:66 - Unable to find the country India in the dropdownlist
2020-04-27 18:01:46 FATAL Testengine:27 - Test step Failed: 
2020-04-27 18:01:46 INFO  Testengine:144 - 
****** Finishing test:test4******

2020-04-27 18:01:47 INFO  Testengine:106 - test4 : Country selected as Bengaluru
2020-04-27 18:01:47 INFO  Testengine:64 - 
2020-04-27 18:01:47 INFO  Testengine:144 - 
****** Finishing test:test4******

2020-04-27 18:01:57 INFO  Testengine:48 - Test completed successfully for the method: 
2020-04-27 18:01:57 INFO  Testengine:105 - Setting up Test Summary
2020-04-27 18:01:57 INFO  Testengine:113 - Getting the WebDriver Instances for the firefox browser
2020-04-27 18:01:57 INFO  Testengine:17 - Initiating Browser Driver
2020-04-27 18:01:57 INFO  Testengine:32 - Initiating Firefox Browser Driver
2020-04-27 18:02:56 INFO  Testengine:74 - *******************************************
Initiating Logger.... 
******************************************* 

2020-04-27 18:02:56 INFO  Testengine:77 - *******************************************
Reading Config File.... 
******************************************* 

2020-04-27 18:02:56 INFO  Testengine:88 - Properties file loaded successfully:
2020-04-27 18:02:56 INFO  Testengine:97 - *******************************************
 Setting Up Excel Sheet.... 
******************************************* 

2020-04-27 18:02:56 INFO  Testengine:105 - Setting up Test Summary
2020-04-27 18:02:56 INFO  Testengine:105 - Setting up Test Summary
2020-04-27 18:02:56 INFO  Testengine:105 - Setting up Test Summary
2020-04-27 18:02:56 INFO  Testengine:113 - Getting the WebDriver Instances for the firefox browser
2020-04-27 18:02:56 INFO  Testengine:113 - Getting the WebDriver Instances for the firefox browser
2020-04-27 18:02:56 INFO  Testengine:17 - Initiating Browser Driver
2020-04-27 18:02:56 INFO  Testengine:17 - Initiating Browser Driver
2020-04-27 18:02:56 INFO  Testengine:32 - Initiating Firefox Browser Driver
2020-04-27 18:02:56 INFO  Testengine:32 - Initiating Firefox Browser Driver
2020-04-27 18:02:56 INFO  Testengine:113 - Getting the WebDriver Instances for the firefox browser
2020-04-27 18:02:56 INFO  Testengine:17 - Initiating Browser Driver
2020-04-27 18:02:56 INFO  Testengine:32 - Initiating Firefox Browser Driver
2020-04-27 18:03:15 INFO  Testengine:14 - Test started successfully for the method: 
2020-04-27 18:03:15 INFO  Testengine:14 - Test started successfully for the method: 
2020-04-27 18:03:15 INFO  Testengine:14 - Test started successfully for the method: 
2020-04-27 18:03:15 INFO  Testengine:14 - Test started successfully for the method: 
2020-04-27 18:03:15 INFO  Testengine:14 - Test started successfully for the method: 
2020-04-27 18:03:16 INFO  Testengine:14 - Test started successfully for the method: 
2020-04-27 18:03:16 INFO  Testengine:14 - Test started successfully for the method: 
2020-04-27 18:03:16 INFO  Testengine:14 - Test started successfully for the method: 
2020-04-27 18:03:31 INFO  Testengine:74 - *******************************************
Initiating Logger.... 
******************************************* 

2020-04-27 18:03:31 INFO  Testengine:77 - *******************************************
Reading Config File.... 
******************************************* 

2020-04-27 18:03:31 INFO  Testengine:88 - Properties file loaded successfully:
2020-04-27 18:03:31 INFO  Testengine:97 - *******************************************
 Setting Up Excel Sheet.... 
******************************************* 

2020-04-27 18:03:31 INFO  Testengine:105 - Setting up Test Summary
2020-04-27 18:03:31 INFO  Testengine:105 - Setting up Test Summary
2020-04-27 18:03:31 INFO  Testengine:105 - Setting up Test Summary
2020-04-27 18:03:31 INFO  Testengine:113 - Getting the WebDriver Instances for the chrome browser
2020-04-27 18:03:31 INFO  Testengine:113 - Getting the WebDriver Instances for the chrome browser
2020-04-27 18:03:31 INFO  Testengine:113 - Getting the WebDriver Instances for the chrome browser
2020-04-27 18:03:31 INFO  Testengine:17 - Initiating Browser Driver
2020-04-27 18:03:31 INFO  Testengine:17 - Initiating Browser Driver
2020-04-27 18:03:31 INFO  Testengine:19 - Initiating Chrome Browser Driver
2020-04-27 18:03:31 INFO  Testengine:17 - Initiating Browser Driver
2020-04-27 18:03:31 INFO  Testengine:19 - Initiating Chrome Browser Driver
2020-04-27 18:03:31 INFO  Testengine:19 - Initiating Chrome Browser Driver
2020-04-27 18:03:45 INFO  Testengine:132 - 
****** starting test:test1******

2020-04-27 18:03:45 INFO  Testengine:132 - 
****** starting test:test1******

2020-04-27 18:03:45 INFO  Testengine:132 - 
****** starting test:test1******

2020-04-27 18:03:45 INFO  Testengine:136 - Browser Launched at Mon Apr 27 18:03:45 IST 2020
2020-04-27 18:03:45 INFO  Testengine:136 - Browser Launched at Mon Apr 27 18:03:45 IST 2020
2020-04-27 18:03:45 INFO  Testengine:136 - Browser Launched at Mon Apr 27 18:03:45 IST 2020
2020-04-27 18:03:45 INFO  Testengine:14 - Test started successfully for the method: 
2020-04-27 18:03:45 INFO  Testengine:14 - Test started successfully for the method: 
2020-04-27 18:03:45 INFO  Testengine:14 - Test started successfully for the method: 
2020-04-27 18:03:45 INFO  Testengine:47 - test1 : Description Entered as Developer
2020-04-27 18:03:45 INFO  Testengine:47 - test1 : Description Entered as Developer
2020-04-27 18:03:46 INFO  Testengine:47 - test1 : Description Entered as Developer
2020-04-27 18:03:46 FATAL Testengine:27 - Test step Failed: 
2020-04-27 18:03:46 FATAL Testengine:27 - Test step Failed: 
2020-04-27 18:03:46 INFO  Testengine:144 - 
****** Finishing test:test1******

2020-04-27 18:03:46 INFO  Testengine:144 - 
****** Finishing test:test1******

2020-04-27 18:03:46 FATAL Testengine:27 - Test step Failed: 
2020-04-27 18:03:46 INFO  Testengine:144 - 
****** Finishing test:test1******

2020-04-27 18:03:46 INFO  Testengine:132 - 
****** starting test:test2******

2020-04-27 18:03:47 INFO  Testengine:132 - 
****** starting test:test2******

2020-04-27 18:03:47 INFO  Testengine:136 - Browser Launched at Mon Apr 27 18:03:47 IST 2020
2020-04-27 18:03:47 INFO  Testengine:136 - Browser Launched at Mon Apr 27 18:03:47 IST 2020
2020-04-27 18:03:47 INFO  Testengine:14 - Test started successfully for the method: 
2020-04-27 18:03:47 INFO  Testengine:14 - Test started successfully for the method: 
2020-04-27 18:03:47 INFO  Testengine:132 - 
****** starting test:test2******

2020-04-27 18:03:47 INFO  Testengine:136 - Browser Launched at Mon Apr 27 18:03:47 IST 2020
2020-04-27 18:03:47 INFO  Testengine:14 - Test started successfully for the method: 
2020-04-27 18:03:48 INFO  Testengine:62 - test2 : Country selected as India
2020-04-27 18:03:48 INFO  Testengine:62 - test2 : Country selected as India
2020-04-27 18:03:48 INFO  Testengine:62 - test2 : Country selected as India
2020-04-27 18:03:48 FATAL Testengine:66 - Unable to find the country India in the dropdownlist
2020-04-27 18:03:48 FATAL Testengine:66 - Unable to find the country India in the dropdownlist
2020-04-27 18:03:48 FATAL Testengine:27 - Test step Failed: 
2020-04-27 18:03:48 INFO  Testengine:144 - 
****** Finishing test:test2******

2020-04-27 18:03:48 FATAL Testengine:27 - Test step Failed: 
2020-04-27 18:03:48 INFO  Testengine:144 - 
****** Finishing test:test2******

2020-04-27 18:03:48 FATAL Testengine:66 - Unable to find the country India in the dropdownlist
2020-04-27 18:03:48 FATAL Testengine:27 - Test step Failed: 
2020-04-27 18:03:48 INFO  Testengine:144 - 
****** Finishing test:test2******

2020-04-27 18:03:48 INFO  Testengine:132 - 
****** starting test:test3******

2020-04-27 18:03:48 INFO  Testengine:132 - 
****** starting test:test3******

2020-04-27 18:03:48 INFO  Testengine:136 - Browser Launched at Mon Apr 27 18:03:48 IST 2020
2020-04-27 18:03:48 INFO  Testengine:136 - Browser Launched at Mon Apr 27 18:03:48 IST 2020
2020-04-27 18:03:48 INFO  Testengine:14 - Test started successfully for the method: 
2020-04-27 18:03:48 INFO  Testengine:14 - Test started successfully for the method: 
2020-04-27 18:03:48 INFO  Testengine:132 - 
****** starting test:test3******

2020-04-27 18:03:48 INFO  Testengine:136 - Browser Launched at Mon Apr 27 18:03:48 IST 2020
2020-04-27 18:03:48 INFO  Testengine:14 - Test started successfully for the method: 
2020-04-27 18:03:49 INFO  Testengine:84 - test3 : Country selected as Karnataka
2020-04-27 18:03:49 INFO  Testengine:84 - test3 : Country selected as Karnataka
2020-04-27 18:03:49 INFO  Testengine:84 - test3 : Country selected as Karnataka
2020-04-27 18:03:49 INFO  Testengine:56 - 
2020-04-27 18:03:49 INFO  Testengine:144 - 
****** Finishing test:test3******

2020-04-27 18:03:49 INFO  Testengine:56 - 
2020-04-27 18:03:49 INFO  Testengine:144 - 
****** Finishing test:test3******

2020-04-27 18:03:49 INFO  Testengine:56 - 
2020-04-27 18:03:49 INFO  Testengine:144 - 
****** Finishing test:test3******

2020-04-27 18:03:49 INFO  Testengine:132 - 
****** starting test:test4******

2020-04-27 18:03:49 INFO  Testengine:132 - 
****** starting test:test4******

2020-04-27 18:03:49 INFO  Testengine:136 - Browser Launched at Mon Apr 27 18:03:49 IST 2020
2020-04-27 18:03:49 INFO  Testengine:14 - Test started successfully for the method: 
2020-04-27 18:03:49 INFO  Testengine:136 - Browser Launched at Mon Apr 27 18:03:49 IST 2020
2020-04-27 18:03:49 INFO  Testengine:14 - Test started successfully for the method: 
2020-04-27 18:03:49 INFO  Testengine:132 - 
****** starting test:test4******

2020-04-27 18:03:49 INFO  Testengine:136 - Browser Launched at Mon Apr 27 18:03:49 IST 2020
2020-04-27 18:03:49 INFO  Testengine:14 - Test started successfully for the method: 
2020-04-27 18:03:50 INFO  Testengine:106 - test4 : Country selected as Bengaluru
2020-04-27 18:03:50 INFO  Testengine:64 - 
2020-04-27 18:03:50 INFO  Testengine:144 - 
****** Finishing test:test4******

2020-04-27 18:03:50 INFO  Testengine:106 - test4 : Country selected as Bengaluru
2020-04-27 18:03:50 INFO  Testengine:64 - 
2020-04-27 18:03:50 INFO  Testengine:144 - 
****** Finishing test:test4******

2020-04-27 18:03:50 INFO  Testengine:106 - test4 : Country selected as Bengaluru
2020-04-27 18:03:50 INFO  Testengine:64 - 
2020-04-27 18:03:50 INFO  Testengine:144 - 
****** Finishing test:test4******

2020-04-27 18:04:00 INFO  Testengine:48 - Test completed successfully for the method: 
2020-04-27 18:04:00 INFO  Testengine:48 - Test completed successfully for the method: 
2020-04-27 18:04:00 INFO  Testengine:48 - Test completed successfully for the method: 
2020-04-27 18:05:54 INFO  Testengine:74 - *******************************************
Initiating Logger.... 
******************************************* 

2020-04-27 18:05:54 INFO  Testengine:77 - *******************************************
Reading Config File.... 
******************************************* 

2020-04-27 18:05:54 INFO  Testengine:88 - Properties file loaded successfully:
2020-04-27 18:05:54 INFO  Testengine:97 - *******************************************
 Setting Up Excel Sheet.... 
******************************************* 

2020-04-27 18:05:54 INFO  Testengine:105 - Setting up Test Summary
2020-04-27 18:05:54 INFO  Testengine:113 - Getting the WebDriver Instances for the edge browser
2020-04-27 18:05:54 INFO  Testengine:17 - Initiating Browser Driver
2020-04-27 18:05:54 INFO  Testengine:46 - Initiating Edge Browser Driver
2020-04-27 18:06:10 INFO  Testengine:132 - 
****** starting test:test1******

2020-04-27 18:06:10 INFO  Testengine:136 - Browser Launched at Mon Apr 27 18:06:10 IST 2020
2020-04-27 18:06:10 INFO  Testengine:14 - Test started successfully for the method: 
2020-04-27 18:06:10 INFO  Testengine:47 - test1 : Description Entered as Developer
2020-04-27 18:06:10 INFO  Testengine:144 - 
****** Finishing test:test1******

2020-04-27 18:06:10 INFO  Testengine:132 - 
****** starting test:test2******

2020-04-27 18:06:10 INFO  Testengine:136 - Browser Launched at Mon Apr 27 18:06:10 IST 2020
2020-04-27 18:06:10 INFO  Testengine:14 - Test started successfully for the method: 
2020-04-27 18:06:11 INFO  Testengine:62 - test2 : Country selected as India
2020-04-27 18:06:11 INFO  Testengine:48 - 
2020-04-27 18:06:11 INFO  Testengine:144 - 
****** Finishing test:test2******

2020-04-27 18:06:11 INFO  Testengine:132 - 
****** starting test:test3******

2020-04-27 18:06:11 INFO  Testengine:136 - Browser Launched at Mon Apr 27 18:06:11 IST 2020
2020-04-27 18:06:11 INFO  Testengine:14 - Test started successfully for the method: 
2020-04-27 18:06:11 INFO  Testengine:84 - test3 : Country selected as Karnataka
2020-04-27 18:06:11 INFO  Testengine:56 - 
2020-04-27 18:06:11 INFO  Testengine:144 - 
****** Finishing test:test3******

2020-04-27 18:06:11 INFO  Testengine:132 - 
****** starting test:test4******

2020-04-27 18:06:11 INFO  Testengine:136 - Browser Launched at Mon Apr 27 18:06:11 IST 2020
2020-04-27 18:06:11 INFO  Testengine:14 - Test started successfully for the method: 
2020-04-27 18:06:12 INFO  Testengine:106 - test4 : Country selected as Bengaluru
2020-04-27 18:06:12 INFO  Testengine:64 - 
2020-04-27 18:06:12 INFO  Testengine:144 - 
****** Finishing test:test4******

2020-04-27 18:06:22 INFO  Testengine:48 - Test completed successfully for the method: 
2020-04-27 18:06:22 INFO  Testengine:105 - Setting up Test Summary
2020-04-27 18:06:22 INFO  Testengine:113 - Getting the WebDriver Instances for the firefox browser
2020-04-27 18:06:22 INFO  Testengine:17 - Initiating Browser Driver
2020-04-27 18:06:22 INFO  Testengine:32 - Initiating Firefox Browser Driver
2020-04-27 18:06:43 INFO  Testengine:74 - *******************************************
Initiating Logger.... 
******************************************* 

2020-04-27 18:06:43 INFO  Testengine:77 - *******************************************
Reading Config File.... 
******************************************* 

2020-04-27 18:06:43 INFO  Testengine:88 - Properties file loaded successfully:
2020-04-27 18:06:43 INFO  Testengine:97 - *******************************************
 Setting Up Excel Sheet.... 
******************************************* 

2020-04-27 18:06:43 INFO  Testengine:105 - Setting up Test Summary
2020-04-27 18:06:43 INFO  Testengine:105 - Setting up Test Summary
2020-04-27 18:06:43 INFO  Testengine:105 - Setting up Test Summary
2020-04-27 18:06:43 INFO  Testengine:113 - Getting the WebDriver Instances for the chrome browser
2020-04-27 18:06:43 INFO  Testengine:113 - Getting the WebDriver Instances for the chrome browser
2020-04-27 18:06:43 INFO  Testengine:113 - Getting the WebDriver Instances for the chrome browser
2020-04-27 18:06:43 INFO  Testengine:17 - Initiating Browser Driver
2020-04-27 18:06:43 INFO  Testengine:17 - Initiating Browser Driver
2020-04-27 18:06:43 INFO  Testengine:19 - Initiating Chrome Browser Driver
2020-04-27 18:06:43 INFO  Testengine:17 - Initiating Browser Driver
2020-04-27 18:06:43 INFO  Testengine:19 - Initiating Chrome Browser Driver
2020-04-27 18:06:43 INFO  Testengine:19 - Initiating Chrome Browser Driver
2020-04-27 18:10:52 INFO  Testengine:74 - *******************************************
Initiating Logger.... 
******************************************* 

2020-04-27 18:10:52 INFO  Testengine:77 - *******************************************
Reading Config File.... 
******************************************* 

2020-04-27 18:10:52 INFO  Testengine:88 - Properties file loaded successfully:
2020-04-27 18:10:52 INFO  Testengine:97 - *******************************************
 Setting Up Excel Sheet.... 
******************************************* 

2020-04-27 18:10:52 INFO  Testengine:105 - Setting up Test Summary
2020-04-27 18:10:52 INFO  Testengine:105 - Setting up Test Summary
2020-04-27 18:10:52 INFO  Testengine:105 - Setting up Test Summary
2020-04-27 18:10:52 INFO  Testengine:113 - Getting the WebDriver Instances for the chrome browser
2020-04-27 18:10:52 INFO  Testengine:113 - Getting the WebDriver Instances for the chrome browser
2020-04-27 18:10:52 INFO  Testengine:113 - Getting the WebDriver Instances for the chrome browser
2020-04-27 18:10:52 INFO  Testengine:17 - Initiating Browser Driver
2020-04-27 18:10:52 INFO  Testengine:19 - Initiating Chrome Browser Driver
2020-04-27 18:10:52 INFO  Testengine:17 - Initiating Browser Driver
2020-04-27 18:10:52 INFO  Testengine:19 - Initiating Chrome Browser Driver
2020-04-27 18:10:52 INFO  Testengine:17 - Initiating Browser Driver
2020-04-27 18:10:52 INFO  Testengine:19 - Initiating Chrome Browser Driver
2020-04-27 18:11:10 INFO  Testengine:132 - 
****** starting test:test1******

2020-04-27 18:11:10 INFO  Testengine:132 - 
****** starting test:test1******

2020-04-27 18:11:10 INFO  Testengine:132 - 
****** starting test:test1******

2020-04-27 18:11:10 INFO  Testengine:136 - Browser Launched at Mon Apr 27 18:11:10 IST 2020
2020-04-27 18:11:10 INFO  Testengine:136 - Browser Launched at Mon Apr 27 18:11:10 IST 2020
2020-04-27 18:11:10 INFO  Testengine:136 - Browser Launched at Mon Apr 27 18:11:10 IST 2020
2020-04-27 18:11:10 INFO  Testengine:14 - Test started successfully for the method: 
2020-04-27 18:11:10 INFO  Testengine:14 - Test started successfully for the method: 
2020-04-27 18:11:10 INFO  Testengine:14 - Test started successfully for the method: 
2020-04-27 18:11:32 INFO  Testengine:74 - *******************************************
Initiating Logger.... 
******************************************* 

2020-04-27 18:11:32 INFO  Testengine:77 - *******************************************
Reading Config File.... 
******************************************* 

2020-04-27 18:11:32 INFO  Testengine:88 - Properties file loaded successfully:
2020-04-27 18:11:32 INFO  Testengine:97 - *******************************************
 Setting Up Excel Sheet.... 
******************************************* 

2020-04-27 18:11:32 INFO  Testengine:105 - Setting up Test Summary
2020-04-27 18:11:32 INFO  Testengine:113 - Getting the WebDriver Instances for the edge browser
2020-04-27 18:11:32 INFO  Testengine:17 - Initiating Browser Driver
2020-04-27 18:11:32 INFO  Testengine:46 - Initiating Edge Browser Driver
2020-04-27 18:11:46 INFO  Testengine:132 - 
****** starting test:test1******

2020-04-27 18:11:46 INFO  Testengine:136 - Browser Launched at Mon Apr 27 18:11:46 IST 2020
2020-04-27 18:11:46 INFO  Testengine:14 - Test started successfully for the method: 
2020-04-27 18:11:46 INFO  Testengine:47 - test1 : Description Entered as Developer
2020-04-27 18:11:46 INFO  Testengine:144 - 
****** Finishing test:test1******

2020-04-27 18:11:47 INFO  Testengine:132 - 
****** starting test:test2******

2020-04-27 18:11:47 INFO  Testengine:136 - Browser Launched at Mon Apr 27 18:11:47 IST 2020
2020-04-27 18:11:47 INFO  Testengine:14 - Test started successfully for the method: 
2020-04-27 18:11:47 INFO  Testengine:62 - test2 : Country selected as India
2020-04-27 18:11:47 INFO  Testengine:48 - 
2020-04-27 18:11:47 INFO  Testengine:144 - 
****** Finishing test:test2******

2020-04-27 18:11:47 INFO  Testengine:132 - 
****** starting test:test3******

2020-04-27 18:11:47 INFO  Testengine:136 - Browser Launched at Mon Apr 27 18:11:47 IST 2020
2020-04-27 18:11:47 INFO  Testengine:14 - Test started successfully for the method: 
2020-04-27 18:11:48 INFO  Testengine:84 - test3 : Country selected as Karnataka
2020-04-27 18:11:48 INFO  Testengine:56 - 
2020-04-27 18:11:48 INFO  Testengine:144 - 
****** Finishing test:test3******

2020-04-27 18:11:48 INFO  Testengine:132 - 
****** starting test:test4******

2020-04-27 18:11:48 INFO  Testengine:136 - Browser Launched at Mon Apr 27 18:11:48 IST 2020
2020-04-27 18:11:48 INFO  Testengine:14 - Test started successfully for the method: 
2020-04-27 18:11:48 INFO  Testengine:106 - test4 : Country selected as Bengaluru
2020-04-27 18:11:48 INFO  Testengine:64 - 
2020-04-27 18:11:48 INFO  Testengine:144 - 
****** Finishing test:test4******

2020-04-27 18:12:05 INFO  Testengine:74 - *******************************************
Initiating Logger.... 
******************************************* 

2020-04-27 18:12:05 INFO  Testengine:77 - *******************************************
Reading Config File.... 
******************************************* 

2020-04-27 18:12:05 INFO  Testengine:88 - Properties file loaded successfully:
2020-04-27 18:12:05 INFO  Testengine:97 - *******************************************
 Setting Up Excel Sheet.... 
******************************************* 

2020-04-27 18:12:05 INFO  Testengine:105 - Setting up Test Summary
2020-04-27 18:12:05 INFO  Testengine:113 - Getting the WebDriver Instances for the edge browser
2020-04-27 18:12:05 INFO  Testengine:17 - Initiating Browser Driver
2020-04-27 18:12:05 INFO  Testengine:46 - Initiating Edge Browser Driver
2020-04-27 18:12:21 INFO  Testengine:132 - 
****** starting test:test1******

2020-04-27 18:12:21 INFO  Testengine:136 - Browser Launched at Mon Apr 27 18:12:21 IST 2020
2020-04-27 18:12:21 INFO  Testengine:14 - Test started successfully for the method: 
2020-04-27 18:12:22 INFO  Testengine:47 - test1 : Description Entered as Developer
2020-04-27 18:12:22 INFO  Testengine:144 - 
****** Finishing test:test1******

2020-04-27 18:12:22 INFO  Testengine:132 - 
****** starting test:test2******

2020-04-27 18:12:22 INFO  Testengine:136 - Browser Launched at Mon Apr 27 18:12:22 IST 2020
2020-04-27 18:12:22 INFO  Testengine:14 - Test started successfully for the method: 
2020-04-27 18:12:23 INFO  Testengine:62 - test2 : Country selected as India
2020-04-27 18:12:23 INFO  Testengine:48 - 
2020-04-27 18:12:23 INFO  Testengine:144 - 
****** Finishing test:test2******

2020-04-27 18:12:23 INFO  Testengine:132 - 
****** starting test:test3******

2020-04-27 18:12:23 INFO  Testengine:136 - Browser Launched at Mon Apr 27 18:12:23 IST 2020
2020-04-27 18:12:23 INFO  Testengine:14 - Test started successfully for the method: 
2020-04-27 18:12:23 INFO  Testengine:84 - test3 : Country selected as Karnataka
2020-04-27 18:12:23 INFO  Testengine:56 - 
2020-04-27 18:12:23 INFO  Testengine:144 - 
****** Finishing test:test3******

2020-04-27 18:12:23 INFO  Testengine:132 - 
****** starting test:test4******

2020-04-27 18:12:23 INFO  Testengine:136 - Browser Launched at Mon Apr 27 18:12:23 IST 2020
2020-04-27 18:12:23 INFO  Testengine:14 - Test started successfully for the method: 
2020-04-27 18:12:24 INFO  Testengine:106 - test4 : Country selected as Bengaluru
2020-04-27 18:12:24 INFO  Testengine:64 - 
2020-04-27 18:12:24 INFO  Testengine:144 - 
****** Finishing test:test4******

2020-04-27 18:12:42 INFO  Testengine:74 - *******************************************
Initiating Logger.... 
******************************************* 

2020-04-27 18:12:42 INFO  Testengine:77 - *******************************************
Reading Config File.... 
******************************************* 

2020-04-27 18:12:42 INFO  Testengine:88 - Properties file loaded successfully:
2020-04-27 18:12:42 INFO  Testengine:97 - *******************************************
 Setting Up Excel Sheet.... 
******************************************* 

2020-04-27 18:12:42 INFO  Testengine:105 - Setting up Test Summary
2020-04-27 18:12:43 INFO  Testengine:113 - Getting the WebDriver Instances for the edge browser
2020-04-27 18:12:43 INFO  Testengine:17 - Initiating Browser Driver
2020-04-27 18:12:43 INFO  Testengine:46 - Initiating Edge Browser Driver
2020-04-27 18:13:00 INFO  Testengine:132 - 
****** starting test:test3******

2020-04-27 18:13:00 INFO  Testengine:132 - 
****** starting test:test2******

2020-04-27 18:13:00 INFO  Testengine:132 - 
****** starting test:test4******

2020-04-27 18:13:00 INFO  Testengine:132 - 
****** starting test:test3******

2020-04-27 18:13:00 INFO  Testengine:136 - Browser Launched at Mon Apr 27 18:13:00 IST 2020
2020-04-27 18:13:00 INFO  Testengine:136 - Browser Launched at Mon Apr 27 18:13:00 IST 2020
2020-04-27 18:13:00 INFO  Testengine:136 - Browser Launched at Mon Apr 27 18:13:00 IST 2020
2020-04-27 18:13:00 INFO  Testengine:136 - Browser Launched at Mon Apr 27 18:13:00 IST 2020
2020-04-27 18:13:00 INFO  Testengine:14 - Test started successfully for the method: 
2020-04-27 18:13:00 INFO  Testengine:14 - Test started successfully for the method: 
2020-04-27 18:13:00 INFO  Testengine:14 - Test started successfully for the method: 
2020-04-27 18:13:00 INFO  Testengine:14 - Test started successfully for the method: 
2020-04-27 18:13:00 INFO  Testengine:47 - test2 : Description Entered as Developer
2020-04-27 18:13:00 INFO  Testengine:144 - 
****** Finishing test:test2******

2020-04-27 18:13:03 INFO  Testengine:106 - test2 : Country selected as Bengaluru
2020-04-27 18:13:03 FATAL Testengine:88 - Unable to find the country Karnataka in the dropdownlist
2020-04-27 18:13:03 FATAL Testengine:66 - Unable to find the country India in the dropdownlist
2020-04-27 18:13:03 FATAL Testengine:110 - Unable to find the country Bengaluru in the dropdownlist
2020-04-27 18:13:03 FATAL Testengine:27 - Test step Failed: 
2020-04-27 18:13:03 INFO  Testengine:144 - 
****** Finishing test:test2******

2020-04-27 18:13:03 FATAL Testengine:27 - Test step Failed: 
2020-04-27 18:13:03 FATAL Testengine:27 - Test step Failed: 
2020-04-27 18:13:03 INFO  Testengine:144 - 
****** Finishing test:test2******

2020-04-27 18:13:03 INFO  Testengine:144 - 
****** Finishing test:test2******

2020-04-27 18:13:13 INFO  Testengine:48 - Test completed successfully for the method: 
2020-04-27 18:13:13 INFO  Testengine:105 - Setting up Test Summary
2020-04-27 18:13:13 INFO  Testengine:113 - Getting the WebDriver Instances for the firefox browser
2020-04-27 18:13:13 INFO  Testengine:17 - Initiating Browser Driver
2020-04-27 18:13:13 INFO  Testengine:32 - Initiating Firefox Browser Driver
2020-04-27 18:13:52 INFO  Testengine:74 - *******************************************
Initiating Logger.... 
******************************************* 

2020-04-27 18:13:52 INFO  Testengine:77 - *******************************************
Reading Config File.... 
******************************************* 

2020-04-27 18:13:52 INFO  Testengine:88 - Properties file loaded successfully:
2020-04-27 18:13:52 INFO  Testengine:97 - *******************************************
 Setting Up Excel Sheet.... 
******************************************* 

2020-04-27 18:13:52 INFO  Testengine:105 - Setting up Test Summary
2020-04-27 18:13:52 INFO  Testengine:113 - Getting the WebDriver Instances for the edge browser
2020-04-27 18:13:52 INFO  Testengine:17 - Initiating Browser Driver
2020-04-27 18:13:52 INFO  Testengine:46 - Initiating Edge Browser Driver
2020-04-27 18:14:07 INFO  Testengine:132 - 
****** starting test:test4******

2020-04-27 18:14:07 INFO  Testengine:132 - 
****** starting test:test2******

2020-04-27 18:14:07 INFO  Testengine:132 - 
****** starting test:test1******

2020-04-27 18:14:07 INFO  Testengine:132 - 
****** starting test:test5******

2020-04-27 18:14:07 INFO  Testengine:132 - 
****** starting test:test3******

2020-04-27 18:14:07 INFO  Testengine:136 - Browser Launched at Mon Apr 27 18:14:07 IST 2020
2020-04-27 18:14:07 INFO  Testengine:136 - Browser Launched at Mon Apr 27 18:14:07 IST 2020
2020-04-27 18:14:07 INFO  Testengine:136 - Browser Launched at Mon Apr 27 18:14:07 IST 2020
2020-04-27 18:14:07 INFO  Testengine:136 - Browser Launched at Mon Apr 27 18:14:07 IST 2020
2020-04-27 18:14:07 INFO  Testengine:136 - Browser Launched at Mon Apr 27 18:14:07 IST 2020
2020-04-27 18:14:07 INFO  Testengine:14 - Test started successfully for the method: 
2020-04-27 18:14:07 INFO  Testengine:14 - Test started successfully for the method: 
2020-04-27 18:14:07 INFO  Testengine:14 - Test started successfully for the method: 
2020-04-27 18:14:07 INFO  Testengine:14 - Test started successfully for the method: 
2020-04-27 18:14:07 INFO  Testengine:14 - Test started successfully for the method: 
2020-04-27 18:14:08 INFO  Testengine:123 - test1 : Clicked on Search button:
2020-04-27 18:14:08 INFO  Testengine:144 - 
****** Finishing test:test1******

2020-04-27 18:14:08 FATAL Testengine:27 - Test step Failed: 
2020-04-27 18:14:08 INFO  Testengine:144 - 
****** Finishing test:test1******

2020-04-27 18:14:09 INFO  Testengine:132 - 
****** starting test:test6******

2020-04-27 18:14:09 INFO  Testengine:136 - Browser Launched at Mon Apr 27 18:14:09 IST 2020
2020-04-27 18:14:09 INFO  Testengine:132 - 
****** starting test:testa1******

2020-04-27 18:14:09 INFO  Testengine:136 - Browser Launched at Mon Apr 27 18:14:09 IST 2020
2020-04-27 18:14:09 INFO  Testengine:14 - Test started successfully for the method: 
2020-04-27 18:14:09 INFO  Testengine:14 - Test started successfully for the method: 
2020-04-27 18:14:10 FATAL Testengine:27 - Test step Failed: 
2020-04-27 18:14:10 INFO  Testengine:144 - 
****** Finishing test:testa1******

2020-04-27 18:14:10 INFO  Testengine:132 - 
****** starting test:test7******

2020-04-27 18:14:10 INFO  Testengine:136 - Browser Launched at Mon Apr 27 18:14:10 IST 2020
2020-04-27 18:14:10 INFO  Testengine:14 - Test started successfully for the method: 
2020-04-27 18:14:10 INFO  Testengine:58 - SaveforLater_Button is displaying in the screen
2020-04-27 18:14:20 FATAL Testengine:86 - org.openqa.selenium.NoSuchElementException: no such element: Unable to locate element: {"method":"xpath","selector":"//h1[contains(text(),'Sr. Ab Initio Developer / Technical Lead (Apps Systems Engineer 5)')]"}
  (Session info: MicrosoftEdge=81.0.416.64)
For documentation on this error, please visit: https://www.seleniumhq.org/exceptions/no_such_element.html
Build info: version: '3.141.59', revision: 'e82be7d358', time: '2018-11-14T08:17:03'
System info: host: 'DESKTOP-J6NT3H3', ip: '192.168.0.8', os.name: 'Windows 10', os.arch: 'amd64', os.version: '10.0', java.version: '1.8.0_242'
Driver info: org.openqa.selenium.edge.EdgeDriver
Capabilities {acceptInsecureCerts: false, browserName: msedge, browserVersion: 81.0.416.64, javascriptEnabled: true, ms:edgeOptions: {debuggerAddress: localhost:51252}, msedge: {msedgedriverVersion: 81.0.409.0 (39f62a1453d7b79..., userDataDir: C:\Users\karth\AppData\Loca...}, networkConnectionEnabled: false, pageLoadStrategy: normal, platform: WINDOWS, platformName: WINDOWS, proxy: Proxy(), setWindowRect: true, strictFileInteractability: false, timeouts: {implicit: 0, pageLoad: 300000, script: 30000}, unhandledPromptBehavior: dismiss and notify, webauthn:virtualAuthenticators: true}
Session ID: 9a1a2828b1962f14dd18d4fcaba097a2
*** Element info: {Using=xpath, value=//h1[contains(text(),'Sr. Ab Initio Developer / Technical Lead (Apps Systems Engineer 5)')]}
2020-04-27 18:14:20 INFO  Testengine:144 - 
****** Finishing test:test7******

2020-04-27 18:14:20 INFO  Testengine:132 - 
****** starting test:test8******

2020-04-27 18:14:20 INFO  Testengine:136 - Browser Launched at Mon Apr 27 18:14:20 IST 2020
2020-04-27 18:14:20 INFO  Testengine:14 - Test started successfully for the method: 
2020-04-27 18:14:20 INFO  Testengine:47 - test8 : Description Entered as Developer
2020-04-27 18:14:20 INFO  Testengine:95 - Page scrolled
2020-04-27 18:14:21 INFO  Testengine:62 - test8 : Country selected as India
2020-04-27 18:14:21 FATAL Testengine:88 - Unable to find the country Karnataka in the dropdownlist
2020-04-27 18:14:21 FATAL Testengine:27 - Test step Failed: 
2020-04-27 18:14:21 INFO  Testengine:144 - 
****** Finishing test:test8******

2020-04-27 18:14:21 FATAL Testengine:110 - Unable to find the country Bengaluru in the dropdownlist
2020-04-27 18:14:21 FATAL Testengine:27 - Test step Failed: 
2020-04-27 18:14:21 INFO  Testengine:144 - 
****** Finishing test:test8******

2020-04-27 18:14:21 INFO  Testengine:132 - 
****** starting test:test9******

2020-04-27 18:14:21 FATAL Testengine:66 - Unable to find the country India in the dropdownlist
2020-04-27 18:14:21 FATAL Testengine:27 - Test step Failed: 
2020-04-27 18:14:21 INFO  Testengine:144 - 
****** Finishing test:test9******

2020-04-27 18:14:21 INFO  Testengine:132 - 
****** starting test:test10******

2020-04-27 18:14:21 INFO  Testengine:136 - Browser Launched at Mon Apr 27 18:14:21 IST 2020
2020-04-27 18:14:21 INFO  Testengine:136 - Browser Launched at Mon Apr 27 18:14:21 IST 2020
2020-04-27 18:14:21 INFO  Testengine:14 - Test started successfully for the method: 
2020-04-27 18:14:21 INFO  Testengine:14 - Test started successfully for the method: 
2020-04-27 18:14:23 FATAL Testengine:27 - Test step Failed: 
2020-04-27 18:14:23 INFO  Testengine:144 - 
****** Finishing test:test10******

2020-04-27 18:14:31 INFO  Testengine:144 - 
****** Finishing test:test10******

2020-04-27 18:14:33 FATAL Testengine:27 - Test step Failed: 
2020-04-27 18:14:33 INFO  Testengine:144 - 
****** Finishing test:test10******

2020-04-27 18:15:05 INFO  Testengine:74 - *******************************************
Initiating Logger.... 
******************************************* 

2020-04-27 18:15:05 INFO  Testengine:77 - *******************************************
Reading Config File.... 
******************************************* 

2020-04-27 18:15:05 INFO  Testengine:88 - Properties file loaded successfully:
2020-04-27 18:15:05 INFO  Testengine:97 - *******************************************
 Setting Up Excel Sheet.... 
******************************************* 

2020-04-27 18:15:05 INFO  Testengine:105 - Setting up Test Summary
2020-04-27 18:15:05 INFO  Testengine:113 - Getting the WebDriver Instances for the edge browser
2020-04-27 18:15:05 INFO  Testengine:17 - Initiating Browser Driver
2020-04-27 18:15:05 INFO  Testengine:46 - Initiating Edge Browser Driver
2020-04-27 18:15:19 INFO  Testengine:132 - 
****** starting test:test1******

2020-04-27 18:15:19 INFO  Testengine:136 - Browser Launched at Mon Apr 27 18:15:19 IST 2020
2020-04-27 18:15:19 INFO  Testengine:14 - Test started successfully for the method: 
2020-04-27 18:15:19 INFO  Testengine:47 - test1 : Description Entered as Developer
2020-04-27 18:15:19 INFO  Testengine:144 - 
****** Finishing test:test1******

2020-04-27 18:15:20 INFO  Testengine:132 - 
****** starting test:test2******

2020-04-27 18:15:20 INFO  Testengine:136 - Browser Launched at Mon Apr 27 18:15:20 IST 2020
2020-04-27 18:15:20 INFO  Testengine:14 - Test started successfully for the method: 
2020-04-27 18:15:20 INFO  Testengine:62 - test2 : Country selected as India
2020-04-27 18:15:20 INFO  Testengine:48 - 
2020-04-27 18:15:20 INFO  Testengine:144 - 
****** Finishing test:test2******

2020-04-27 18:15:20 INFO  Testengine:132 - 
****** starting test:test3******

2020-04-27 18:15:20 INFO  Testengine:136 - Browser Launched at Mon Apr 27 18:15:20 IST 2020
2020-04-27 18:15:20 INFO  Testengine:14 - Test started successfully for the method: 
2020-04-27 18:15:21 INFO  Testengine:84 - test3 : Country selected as Karnataka
2020-04-27 18:15:21 INFO  Testengine:56 - 
2020-04-27 18:15:21 INFO  Testengine:144 - 
****** Finishing test:test3******

2020-04-27 18:15:21 INFO  Testengine:132 - 
****** starting test:test4******

2020-04-27 18:15:21 INFO  Testengine:136 - Browser Launched at Mon Apr 27 18:15:21 IST 2020
2020-04-27 18:15:21 INFO  Testengine:14 - Test started successfully for the method: 
2020-04-27 18:15:21 INFO  Testengine:106 - test4 : Country selected as Bengaluru
2020-04-27 18:15:21 INFO  Testengine:64 - 
2020-04-27 18:15:21 INFO  Testengine:144 - 
****** Finishing test:test4******

2020-04-27 18:15:21 INFO  Testengine:132 - 
****** starting test:test5******

2020-04-27 18:15:21 INFO  Testengine:136 - Browser Launched at Mon Apr 27 18:15:21 IST 2020
2020-04-27 18:15:21 INFO  Testengine:14 - Test started successfully for the method: 
2020-04-27 18:15:21 INFO  Testengine:123 - test5 : Clicked on Search button:
2020-04-27 18:15:21 INFO  Testengine:144 - 
****** Finishing test:test5******

2020-04-27 18:15:21 INFO  Testengine:132 - 
****** starting test:test6******

2020-04-27 18:15:21 INFO  Testengine:136 - Browser Launched at Mon Apr 27 18:15:21 IST 2020
2020-04-27 18:15:21 INFO  Testengine:14 - Test started successfully for the method: 
2020-04-27 18:15:23 FATAL Testengine:27 - Test step Failed: 
2020-04-27 18:15:23 INFO  Testengine:144 - 
****** Finishing test:test6******

2020-04-27 18:15:23 INFO  Testengine:132 - 
****** starting test:testa1******

2020-04-27 18:15:23 INFO  Testengine:136 - Browser Launched at Mon Apr 27 18:15:23 IST 2020
2020-04-27 18:15:23 INFO  Testengine:14 - Test started successfully for the method: 
2020-04-27 18:15:23 INFO  Testengine:47 - testa1 : Description Entered as Developer
2020-04-27 18:15:23 FATAL Testengine:27 - Test step Failed: 
2020-04-27 18:15:23 INFO  Testengine:144 - 
****** Finishing test:testa1******

2020-04-27 18:15:24 INFO  Testengine:132 - 
****** starting test:test7******

2020-04-27 18:15:24 INFO  Testengine:136 - Browser Launched at Mon Apr 27 18:15:24 IST 2020
2020-04-27 18:15:24 INFO  Testengine:14 - Test started successfully for the method: 
2020-04-27 18:15:24 INFO  Testengine:58 - SaveforLater_Button is displaying in the screen
2020-04-27 18:15:34 FATAL Testengine:86 - org.openqa.selenium.NoSuchElementException: no such element: Unable to locate element: {"method":"xpath","selector":"//h1[contains(text(),'Sr. Ab Initio Developer / Technical Lead (Apps Systems Engineer 5)')]"}
  (Session info: MicrosoftEdge=81.0.416.64)
For documentation on this error, please visit: https://www.seleniumhq.org/exceptions/no_such_element.html
Build info: version: '3.141.59', revision: 'e82be7d358', time: '2018-11-14T08:17:03'
System info: host: 'DESKTOP-J6NT3H3', ip: '192.168.0.8', os.name: 'Windows 10', os.arch: 'amd64', os.version: '10.0', java.version: '1.8.0_242'
Driver info: org.openqa.selenium.edge.EdgeDriver
Capabilities {acceptInsecureCerts: false, browserName: msedge, browserVersion: 81.0.416.64, javascriptEnabled: true, ms:edgeOptions: {debuggerAddress: localhost:51347}, msedge: {msedgedriverVersion: 81.0.409.0 (39f62a1453d7b79..., userDataDir: C:\Users\karth\AppData\Loca...}, networkConnectionEnabled: false, pageLoadStrategy: normal, platform: WINDOWS, platformName: WINDOWS, proxy: Proxy(), setWindowRect: true, strictFileInteractability: false, timeouts: {implicit: 0, pageLoad: 300000, script: 30000}, unhandledPromptBehavior: dismiss and notify, webauthn:virtualAuthenticators: true}
Session ID: 227ab38dd0a79de2bc6408c385ded853
*** Element info: {Using=xpath, value=//h1[contains(text(),'Sr. Ab Initio Developer / Technical Lead (Apps Systems Engineer 5)')]}
2020-04-27 18:15:34 INFO  Testengine:144 - 
****** Finishing test:test7******

2020-04-27 18:15:34 INFO  Testengine:132 - 
****** starting test:test8******

2020-04-27 18:15:34 INFO  Testengine:136 - Browser Launched at Mon Apr 27 18:15:34 IST 2020
2020-04-27 18:15:34 INFO  Testengine:14 - Test started successfully for the method: 
2020-04-27 18:15:34 INFO  Testengine:95 - Page scrolled
2020-04-27 18:15:44 INFO  Testengine:144 - 
****** Finishing test:test8******

2020-04-27 18:15:44 INFO  Testengine:132 - 
****** starting test:test9******

2020-04-27 18:15:44 INFO  Testengine:136 - Browser Launched at Mon Apr 27 18:15:44 IST 2020
2020-04-27 18:15:44 INFO  Testengine:14 - Test started successfully for the method: 
2020-04-27 18:15:44 FATAL Testengine:27 - Test step Failed: 
2020-04-27 18:15:44 INFO  Testengine:144 - 
****** Finishing test:test9******

2020-04-27 18:15:44 INFO  Testengine:132 - 
****** starting test:test10******

2020-04-27 18:15:44 INFO  Testengine:136 - Browser Launched at Mon Apr 27 18:15:44 IST 2020
2020-04-27 18:15:44 INFO  Testengine:14 - Test started successfully for the method: 
2020-04-27 18:16:27 INFO  Testengine:74 - *******************************************
Initiating Logger.... 
******************************************* 

2020-04-27 18:16:27 INFO  Testengine:77 - *******************************************
Reading Config File.... 
******************************************* 

2020-04-27 18:16:27 INFO  Testengine:88 - Properties file loaded successfully:
2020-04-27 18:16:27 INFO  Testengine:97 - *******************************************
 Setting Up Excel Sheet.... 
******************************************* 

2020-04-27 18:16:27 INFO  Testengine:105 - Setting up Test Summary
2020-04-27 18:16:27 INFO  Testengine:113 - Getting the WebDriver Instances for the edge browser
2020-04-27 18:16:27 INFO  Testengine:17 - Initiating Browser Driver
2020-04-27 18:16:27 INFO  Testengine:46 - Initiating Edge Browser Driver
2020-04-27 18:16:42 INFO  Testengine:132 - 
****** starting test:test1******

2020-04-27 18:16:42 INFO  Testengine:136 - Browser Launched at Mon Apr 27 18:16:42 IST 2020
2020-04-27 18:16:42 INFO  Testengine:14 - Test started successfully for the method: 
2020-04-27 18:16:42 INFO  Testengine:47 - test1 : Description Entered as Developer
2020-04-27 18:16:42 INFO  Testengine:144 - 
****** Finishing test:test1******

2020-04-27 18:16:42 INFO  Testengine:132 - 
****** starting test:test2******

2020-04-27 18:16:42 INFO  Testengine:136 - Browser Launched at Mon Apr 27 18:16:42 IST 2020
2020-04-27 18:16:42 INFO  Testengine:14 - Test started successfully for the method: 
2020-04-27 18:16:43 INFO  Testengine:62 - test2 : Country selected as India
2020-04-27 18:16:43 INFO  Testengine:48 - 
2020-04-27 18:16:43 INFO  Testengine:144 - 
****** Finishing test:test2******

2020-04-27 18:16:43 INFO  Testengine:132 - 
****** starting test:test3******

2020-04-27 18:16:43 INFO  Testengine:136 - Browser Launched at Mon Apr 27 18:16:43 IST 2020
2020-04-27 18:16:43 INFO  Testengine:14 - Test started successfully for the method: 
2020-04-27 18:16:43 INFO  Testengine:84 - test3 : Country selected as Karnataka
2020-04-27 18:16:43 INFO  Testengine:56 - 
2020-04-27 18:16:43 INFO  Testengine:144 - 
****** Finishing test:test3******

2020-04-27 18:16:43 INFO  Testengine:132 - 
****** starting test:test4******

2020-04-27 18:16:43 INFO  Testengine:136 - Browser Launched at Mon Apr 27 18:16:43 IST 2020
2020-04-27 18:16:43 INFO  Testengine:14 - Test started successfully for the method: 
2020-04-27 18:16:44 INFO  Testengine:106 - test4 : Country selected as Bengaluru
2020-04-27 18:16:44 INFO  Testengine:64 - 
2020-04-27 18:16:44 INFO  Testengine:144 - 
****** Finishing test:test4******

2020-04-27 18:16:44 INFO  Testengine:132 - 
****** starting test:test5******

2020-04-27 18:16:44 INFO  Testengine:136 - Browser Launched at Mon Apr 27 18:16:44 IST 2020
2020-04-27 18:16:44 INFO  Testengine:14 - Test started successfully for the method: 
2020-04-27 18:16:44 INFO  Testengine:123 - test5 : Clicked on Search button:
2020-04-27 18:16:44 INFO  Testengine:144 - 
****** Finishing test:test5******

2020-04-27 18:16:44 INFO  Testengine:132 - 
****** starting test:test6******

2020-04-27 18:16:44 INFO  Testengine:136 - Browser Launched at Mon Apr 27 18:16:44 IST 2020
2020-04-27 18:16:44 INFO  Testengine:14 - Test started successfully for the method: 
2020-04-27 18:16:45 FATAL Testengine:27 - Test step Failed: 
2020-04-27 18:16:45 INFO  Testengine:144 - 
****** Finishing test:test6******

2020-04-27 18:16:45 INFO  Testengine:132 - 
****** starting test:testa1******

2020-04-27 18:16:45 INFO  Testengine:136 - Browser Launched at Mon Apr 27 18:16:45 IST 2020
2020-04-27 18:16:45 INFO  Testengine:14 - Test started successfully for the method: 
2020-04-27 18:16:45 INFO  Testengine:47 - testa1 : Description Entered as Developer
2020-04-27 18:16:45 FATAL Testengine:27 - Test step Failed: 
2020-04-27 18:16:45 INFO  Testengine:144 - 
****** Finishing test:testa1******

2020-04-27 18:16:45 INFO  Testengine:132 - 
****** starting test:test7******

2020-04-27 18:16:45 INFO  Testengine:136 - Browser Launched at Mon Apr 27 18:16:45 IST 2020
2020-04-27 18:16:45 INFO  Testengine:14 - Test started successfully for the method: 
2020-04-27 18:16:45 INFO  Testengine:58 - SaveforLater_Button is displaying in the screen
2020-04-27 18:16:48 FATAL Testengine:86 - org.openqa.selenium.NoSuchElementException: Cannot locate an element using xpath=//h1[contains(text(),'Sr. Ab Initio Developer / Technical Lead (Apps Systems Engineer 5)')]
For documentation on this error, please visit: https://www.seleniumhq.org/exceptions/no_such_element.html
Build info: version: '3.141.59', revision: 'e82be7d358', time: '2018-11-14T08:17:03'
System info: host: 'DESKTOP-J6NT3H3', ip: '192.168.0.8', os.name: 'Windows 10', os.arch: 'amd64', os.version: '10.0', java.version: '1.8.0_242'
Driver info: driver.version: RemoteWebDriver
2020-04-27 18:16:48 INFO  Testengine:144 - 
****** Finishing test:test7******

2020-04-27 18:16:49 INFO  Testengine:132 - 
****** starting test:test8******

2020-04-27 18:16:49 INFO  Testengine:136 - Browser Launched at Mon Apr 27 18:16:49 IST 2020
2020-04-27 18:16:49 INFO  Testengine:14 - Test started successfully for the method: 
2020-04-27 18:16:49 WARN  Testengine:97 - Scrolling Failed
2020-04-27 18:17:07 INFO  Testengine:74 - *******************************************
Initiating Logger.... 
******************************************* 

2020-04-27 18:17:07 INFO  Testengine:77 - *******************************************
Reading Config File.... 
******************************************* 

2020-04-27 18:17:07 INFO  Testengine:88 - Properties file loaded successfully:
2020-04-27 18:17:07 INFO  Testengine:97 - *******************************************
 Setting Up Excel Sheet.... 
******************************************* 

2020-04-27 18:17:07 INFO  Testengine:105 - Setting up Test Summary
2020-04-27 18:17:07 INFO  Testengine:113 - Getting the WebDriver Instances for the edge browser
2020-04-27 18:17:07 INFO  Testengine:17 - Initiating Browser Driver
2020-04-27 18:17:07 INFO  Testengine:46 - Initiating Edge Browser Driver
2020-04-27 18:17:22 INFO  Testengine:132 - 
****** starting test:test1******

2020-04-27 18:17:22 INFO  Testengine:136 - Browser Launched at Mon Apr 27 18:17:22 IST 2020
2020-04-27 18:17:22 INFO  Testengine:14 - Test started successfully for the method: 
2020-04-27 18:17:23 INFO  Testengine:47 - test1 : Description Entered as Developer
2020-04-27 18:17:23 INFO  Testengine:144 - 
****** Finishing test:test1******

2020-04-27 18:17:23 INFO  Testengine:132 - 
****** starting test:test2******

2020-04-27 18:17:23 INFO  Testengine:136 - Browser Launched at Mon Apr 27 18:17:23 IST 2020
2020-04-27 18:17:23 INFO  Testengine:14 - Test started successfully for the method: 
2020-04-27 18:17:23 INFO  Testengine:62 - test2 : Country selected as India
2020-04-27 18:17:23 INFO  Testengine:48 - 
2020-04-27 18:17:23 INFO  Testengine:144 - 
****** Finishing test:test2******

2020-04-27 18:17:24 INFO  Testengine:132 - 
****** starting test:test3******

2020-04-27 18:17:24 INFO  Testengine:136 - Browser Launched at Mon Apr 27 18:17:24 IST 2020
2020-04-27 18:17:24 INFO  Testengine:14 - Test started successfully for the method: 
2020-04-27 18:17:24 INFO  Testengine:84 - test3 : Country selected as Karnataka
2020-04-27 18:17:24 INFO  Testengine:56 - 
2020-04-27 18:17:24 INFO  Testengine:144 - 
****** Finishing test:test3******

2020-04-27 18:17:24 INFO  Testengine:132 - 
****** starting test:test4******

2020-04-27 18:17:24 INFO  Testengine:136 - Browser Launched at Mon Apr 27 18:17:24 IST 2020
2020-04-27 18:17:24 INFO  Testengine:14 - Test started successfully for the method: 
2020-04-27 18:17:24 INFO  Testengine:106 - test4 : Country selected as Bengaluru
2020-04-27 18:17:24 INFO  Testengine:64 - 
2020-04-27 18:17:24 INFO  Testengine:144 - 
****** Finishing test:test4******

2020-04-27 18:17:24 INFO  Testengine:132 - 
****** starting test:test5******

2020-04-27 18:17:24 INFO  Testengine:136 - Browser Launched at Mon Apr 27 18:17:24 IST 2020
2020-04-27 18:17:24 INFO  Testengine:14 - Test started successfully for the method: 
2020-04-27 18:17:25 INFO  Testengine:123 - test5 : Clicked on Search button:
2020-04-27 18:17:25 INFO  Testengine:144 - 
****** Finishing test:test5******

2020-04-27 18:17:26 INFO  Testengine:132 - 
****** starting test:test6******

2020-04-27 18:17:26 INFO  Testengine:136 - Browser Launched at Mon Apr 27 18:17:26 IST 2020
2020-04-27 18:17:26 INFO  Testengine:14 - Test started successfully for the method: 
2020-04-27 18:17:26 FATAL Testengine:27 - Test step Failed: 
2020-04-27 18:17:26 INFO  Testengine:144 - 
****** Finishing test:test6******

2020-04-27 18:17:26 INFO  Testengine:132 - 
****** starting test:testa1******

2020-04-27 18:17:26 INFO  Testengine:136 - Browser Launched at Mon Apr 27 18:17:26 IST 2020
2020-04-27 18:17:26 INFO  Testengine:14 - Test started successfully for the method: 
2020-04-27 18:17:27 INFO  Testengine:47 - testa1 : Description Entered as Developer
2020-04-27 18:17:27 FATAL Testengine:27 - Test step Failed: 
2020-04-27 18:17:27 INFO  Testengine:144 - 
****** Finishing test:testa1******

2020-04-27 18:17:27 INFO  Testengine:132 - 
****** starting test:test7******

2020-04-27 18:17:27 INFO  Testengine:136 - Browser Launched at Mon Apr 27 18:17:27 IST 2020
2020-04-27 18:17:27 INFO  Testengine:14 - Test started successfully for the method: 
2020-04-27 18:17:27 INFO  Testengine:58 - SaveforLater_Button is displaying in the screen
2020-04-27 18:17:37 FATAL Testengine:86 - org.openqa.selenium.NoSuchElementException: no such element: Unable to locate element: {"method":"xpath","selector":"//h1[contains(text(),'Sr. Ab Initio Developer / Technical Lead (Apps Systems Engineer 5)')]"}
  (Session info: MicrosoftEdge=81.0.416.64)
For documentation on this error, please visit: https://www.seleniumhq.org/exceptions/no_such_element.html
Build info: version: '3.141.59', revision: 'e82be7d358', time: '2018-11-14T08:17:03'
System info: host: 'DESKTOP-J6NT3H3', ip: '192.168.0.8', os.name: 'Windows 10', os.arch: 'amd64', os.version: '10.0', java.version: '1.8.0_242'
Driver info: org.openqa.selenium.edge.EdgeDriver
Capabilities {acceptInsecureCerts: false, browserName: msedge, browserVersion: 81.0.416.64, javascriptEnabled: true, ms:edgeOptions: {debuggerAddress: localhost:51510}, msedge: {msedgedriverVersion: 81.0.409.0 (39f62a1453d7b79..., userDataDir: C:\Users\karth\AppData\Loca...}, networkConnectionEnabled: false, pageLoadStrategy: normal, platform: WINDOWS, platformName: WINDOWS, proxy: Proxy(), setWindowRect: true, strictFileInteractability: false, timeouts: {implicit: 0, pageLoad: 300000, script: 30000}, unhandledPromptBehavior: dismiss and notify, webauthn:virtualAuthenticators: true}
Session ID: b6900a00d96b45f41994b02f154da634
*** Element info: {Using=xpath, value=//h1[contains(text(),'Sr. Ab Initio Developer / Technical Lead (Apps Systems Engineer 5)')]}
2020-04-27 18:17:37 INFO  Testengine:144 - 
****** Finishing test:test7******

2020-04-27 18:17:37 INFO  Testengine:132 - 
****** starting test:test8******

2020-04-27 18:17:37 INFO  Testengine:136 - Browser Launched at Mon Apr 27 18:17:37 IST 2020
2020-04-27 18:17:37 INFO  Testengine:14 - Test started successfully for the method: 
2020-04-27 18:17:37 INFO  Testengine:95 - Page scrolled
2020-04-27 18:17:47 INFO  Testengine:144 - 
****** Finishing test:test8******

2020-04-27 18:17:47 INFO  Testengine:132 - 
****** starting test:test9******

2020-04-27 18:17:47 INFO  Testengine:136 - Browser Launched at Mon Apr 27 18:17:47 IST 2020
2020-04-27 18:17:47 INFO  Testengine:14 - Test started successfully for the method: 
2020-04-27 18:17:48 FATAL Testengine:27 - Test step Failed: 
2020-04-27 18:17:48 INFO  Testengine:144 - 
****** Finishing test:test9******

2020-04-27 18:17:48 INFO  Testengine:132 - 
****** starting test:test10******

2020-04-27 18:17:48 INFO  Testengine:136 - Browser Launched at Mon Apr 27 18:17:48 IST 2020
2020-04-27 18:17:48 INFO  Testengine:14 - Test started successfully for the method: 
2020-04-27 18:18:03 INFO  Testengine:74 - *******************************************
Initiating Logger.... 
******************************************* 

2020-04-27 18:18:03 INFO  Testengine:77 - *******************************************
Reading Config File.... 
******************************************* 

2020-04-27 18:18:03 INFO  Testengine:88 - Properties file loaded successfully:
2020-04-27 18:18:03 INFO  Testengine:97 - *******************************************
 Setting Up Excel Sheet.... 
******************************************* 

2020-04-27 18:18:03 INFO  Testengine:105 - Setting up Test Summary
2020-04-27 18:18:03 INFO  Testengine:105 - Setting up Test Summary
2020-04-27 18:18:03 INFO  Testengine:105 - Setting up Test Summary
2020-04-27 18:18:03 INFO  Testengine:113 - Getting the WebDriver Instances for the chrome browser
2020-04-27 18:18:03 INFO  Testengine:113 - Getting the WebDriver Instances for the chrome browser
2020-04-27 18:18:03 INFO  Testengine:17 - Initiating Browser Driver
2020-04-27 18:18:03 INFO  Testengine:19 - Initiating Chrome Browser Driver
2020-04-27 18:18:03 INFO  Testengine:17 - Initiating Browser Driver
2020-04-27 18:18:03 INFO  Testengine:19 - Initiating Chrome Browser Driver
2020-04-27 18:18:04 INFO  Testengine:113 - Getting the WebDriver Instances for the chrome browser
2020-04-27 18:18:04 INFO  Testengine:17 - Initiating Browser Driver
2020-04-27 18:18:04 INFO  Testengine:19 - Initiating Chrome Browser Driver
2020-04-27 18:18:13 FATAL Testengine:123 - Failed to open the website
org.openqa.selenium.NoSuchWindowException: no such window: target window already closed
from unknown error: web view not found
  (Session info: chrome=81.0.4044.122)
Build info: version: '3.141.59', revision: 'e82be7d358', time: '2018-11-14T08:17:03'
System info: host: 'DESKTOP-J6NT3H3', ip: '192.168.0.8', os.name: 'Windows 10', os.arch: 'amd64', os.version: '10.0', java.version: '1.8.0_242'
Driver info: org.openqa.selenium.chrome.ChromeDriver
Capabilities {acceptInsecureCerts: false, browserName: chrome, browserVersion: 81.0.4044.122, chrome: {chromedriverVersion: 81.0.4044.69 (6813546031a4b..., userDataDir: C:\Users\karth\AppData\Loca...}, goog:chromeOptions: {debuggerAddress: localhost:51602}, javascriptEnabled: true, networkConnectionEnabled: false, pageLoadStrategy: normal, platform: WINDOWS, platformName: WINDOWS, proxy: Proxy(), setWindowRect: true, strictFileInteractability: false, timeouts: {implicit: 0, pageLoad: 300000, script: 30000}, unhandledPromptBehavior: dismiss and notify, webauthn:virtualAuthenticators: true}
Session ID: 432469b32df5a44fa277657eb3567c21
	at sun.reflect.NativeConstructorAccessorImpl.newInstance0(Native Method)
	at sun.reflect.NativeConstructorAccessorImpl.newInstance(NativeConstructorAccessorImpl.java:62)
	at sun.reflect.DelegatingConstructorAccessorImpl.newInstance(DelegatingConstructorAccessorImpl.java:45)
	at java.lang.reflect.Constructor.newInstance(Constructor.java:423)
	at org.openqa.selenium.remote.http.W3CHttpResponseCodec.createException(W3CHttpResponseCodec.java:187)
	at org.openqa.selenium.remote.http.W3CHttpResponseCodec.decode(W3CHttpResponseCodec.java:122)
	at org.openqa.selenium.remote.http.W3CHttpResponseCodec.decode(W3CHttpResponseCodec.java:49)
	at org.openqa.selenium.remote.HttpCommandExecutor.execute(HttpCommandExecutor.java:158)
	at org.openqa.selenium.remote.service.DriverCommandExecutor.execute(DriverCommandExecutor.java:83)
	at org.openqa.selenium.remote.RemoteWebDriver.execute(RemoteWebDriver.java:552)
	at org.openqa.selenium.remote.RemoteWebDriver.get(RemoteWebDriver.java:277)
	at org.openqa.selenium.remote.RemoteWebDriver$RemoteNavigation.to(RemoteWebDriver.java:857)
	at com.wellsfargo.base.Testengine.setUp_Test(Testengine.java:121)
	at sun.reflect.NativeMethodAccessorImpl.invoke0(Native Method)
	at sun.reflect.NativeMethodAccessorImpl.invoke(NativeMethodAccessorImpl.java:62)
	at sun.reflect.DelegatingMethodAccessorImpl.invoke(DelegatingMethodAccessorImpl.java:43)
	at java.lang.reflect.Method.invoke(Method.java:498)
	at org.testng.internal.MethodInvocationHelper.invokeMethod(MethodInvocationHelper.java:133)
	at org.testng.internal.MethodInvocationHelper.invokeMethodConsideringTimeout(MethodInvocationHelper.java:62)
	at org.testng.internal.ConfigInvoker.invokeConfigurationMethod(ConfigInvoker.java:340)
	at org.testng.internal.ConfigInvoker.invokeConfigurations(ConfigInvoker.java:294)
	at org.testng.TestRunner.invokeTestConfigurations(TestRunner.java:623)
	at org.testng.TestRunner.beforeRun(TestRunner.java:613)
	at org.testng.TestRunner.run(TestRunner.java:584)
	at org.testng.SuiteRunner.runTest(SuiteRunner.java:402)
	at org.testng.SuiteRunner.access$000(SuiteRunner.java:41)
	at org.testng.SuiteRunner$SuiteWorker.run(SuiteRunner.java:443)
	at org.testng.internal.thread.ThreadUtil.lambda$execute$0(ThreadUtil.java:67)
	at java.util.concurrent.FutureTask.run(FutureTask.java:266)
	at java.util.concurrent.ThreadPoolExecutor.runWorker(ThreadPoolExecutor.java:1149)
	at java.util.concurrent.ThreadPoolExecutor$Worker.run(ThreadPoolExecutor.java:624)
	at java.lang.Thread.run(Thread.java:748)
2020-04-27 18:18:13 INFO  Testengine:14 - Test started successfully for the method: 
2020-04-27 18:18:13 INFO  Testengine:14 - Test started successfully for the method: 
2020-04-27 18:18:14 INFO  Testengine:14 - Test started successfully for the method: 
2020-04-27 18:18:14 INFO  Testengine:14 - Test started successfully for the method: 
2020-04-27 18:18:14 INFO  Testengine:14 - Test started successfully for the method: 
2020-04-27 18:18:14 INFO  Testengine:14 - Test started successfully for the method: 
2020-04-27 18:18:14 INFO  Testengine:14 - Test started successfully for the method: 
2020-04-27 18:18:14 INFO  Testengine:14 - Test started successfully for the method: 
2020-04-27 18:18:14 INFO  Testengine:14 - Test started successfully for the method: 
2020-04-27 18:18:14 INFO  Testengine:14 - Test started successfully for the method: 
2020-04-27 18:18:14 INFO  Testengine:14 - Test started successfully for the method: 
2020-04-27 18:18:14 INFO  Testengine:14 - Test started successfully for the method: 
2020-04-27 18:18:14 INFO  Testengine:14 - Test started successfully for the method: 
2020-04-27 18:18:14 INFO  Testengine:14 - Test started successfully for the method: 
2020-04-27 18:18:14 INFO  Testengine:14 - Test started successfully for the method: 
2020-04-27 18:18:14 INFO  Testengine:14 - Test started successfully for the method: 
2020-04-27 18:18:14 INFO  Testengine:14 - Test started successfully for the method: 
2020-04-27 18:18:14 INFO  Testengine:14 - Test started successfully for the method: 
2020-04-27 18:18:14 INFO  Testengine:14 - Test started successfully for the method: 
2020-04-27 18:18:14 INFO  Testengine:14 - Test started successfully for the method: 
2020-04-27 18:18:14 INFO  Testengine:14 - Test started successfully for the method: 
2020-04-27 18:18:14 INFO  Testengine:14 - Test started successfully for the method: 
2020-04-27 18:18:14 INFO  Testengine:14 - Test started successfully for the method: 
2020-04-27 18:18:14 INFO  Testengine:14 - Test started successfully for the method: 
2020-04-27 18:18:14 INFO  Testengine:14 - Test started successfully for the method: 
2020-04-27 18:18:14 INFO  Testengine:14 - Test started successfully for the method: 
2020-04-27 18:18:14 INFO  Testengine:14 - Test started successfully for the method: 
2020-04-27 18:18:14 INFO  Testengine:14 - Test started successfully for the method: 
2020-04-27 18:18:14 INFO  Testengine:14 - Test started successfully for the method: 
2020-04-27 18:18:14 INFO  Testengine:14 - Test started successfully for the method: 
2020-04-27 18:18:14 INFO  Testengine:14 - Test started successfully for the method: 
2020-04-27 18:18:14 INFO  Testengine:14 - Test started successfully for the method: 
2020-04-27 18:18:14 INFO  Testengine:14 - Test started successfully for the method: 
2020-04-27 18:18:14 INFO  Testengine:48 - Test completed successfully for the method: 
2020-04-27 18:18:30 INFO  Testengine:74 - *******************************************
Initiating Logger.... 
******************************************* 

2020-04-27 18:18:30 INFO  Testengine:77 - *******************************************
Reading Config File.... 
******************************************* 

2020-04-27 18:18:30 INFO  Testengine:88 - Properties file loaded successfully:
2020-04-27 18:18:30 INFO  Testengine:97 - *******************************************
 Setting Up Excel Sheet.... 
******************************************* 

2020-04-27 18:18:30 INFO  Testengine:105 - Setting up Test Summary
2020-04-27 18:18:30 INFO  Testengine:105 - Setting up Test Summary
2020-04-27 18:18:30 INFO  Testengine:105 - Setting up Test Summary
2020-04-27 18:18:30 INFO  Testengine:113 - Getting the WebDriver Instances for the firefox browser
2020-04-27 18:18:30 INFO  Testengine:113 - Getting the WebDriver Instances for the firefox browser
2020-04-27 18:18:30 INFO  Testengine:113 - Getting the WebDriver Instances for the firefox browser
2020-04-27 18:18:30 INFO  Testengine:17 - Initiating Browser Driver
2020-04-27 18:18:30 INFO  Testengine:17 - Initiating Browser Driver
2020-04-27 18:18:30 INFO  Testengine:32 - Initiating Firefox Browser Driver
2020-04-27 18:18:30 INFO  Testengine:17 - Initiating Browser Driver
2020-04-27 18:18:30 INFO  Testengine:32 - Initiating Firefox Browser Driver
2020-04-27 18:18:30 INFO  Testengine:32 - Initiating Firefox Browser Driver
2020-04-27 18:18:45 INFO  Testengine:14 - Test started successfully for the method: 
2020-04-27 18:18:45 INFO  Testengine:14 - Test started successfully for the method: 
2020-04-27 18:18:45 INFO  Testengine:14 - Test started successfully for the method: 
2020-04-27 18:18:45 INFO  Testengine:14 - Test started successfully for the method: 
2020-04-27 18:18:45 INFO  Testengine:14 - Test started successfully for the method: 
2020-04-27 18:18:45 INFO  Testengine:14 - Test started successfully for the method: 
2020-04-27 18:18:45 INFO  Testengine:14 - Test started successfully for the method: 
2020-04-27 18:18:45 INFO  Testengine:14 - Test started successfully for the method: 
2020-04-27 18:18:45 INFO  Testengine:14 - Test started successfully for the method: 
2020-04-27 18:18:45 INFO  Testengine:14 - Test started successfully for the method: 
2020-04-27 18:18:45 INFO  Testengine:14 - Test started successfully for the method: 
2020-04-27 18:18:45 INFO  Testengine:14 - Test started successfully for the method: 
2020-04-27 18:18:45 INFO  Testengine:14 - Test started successfully for the method: 
2020-04-27 18:18:45 INFO  Testengine:14 - Test started successfully for the method: 
2020-04-27 18:18:45 INFO  Testengine:14 - Test started successfully for the method: 
2020-04-27 18:18:45 INFO  Testengine:14 - Test started successfully for the method: 
2020-04-27 18:18:45 INFO  Testengine:14 - Test started successfully for the method: 
2020-04-27 18:18:45 INFO  Testengine:14 - Test started successfully for the method: 
2020-04-27 18:18:45 INFO  Testengine:14 - Test started successfully for the method: 
2020-04-27 18:18:45 INFO  Testengine:14 - Test started successfully for the method: 
2020-04-27 18:18:45 INFO  Testengine:14 - Test started successfully for the method: 
2020-04-27 18:18:45 INFO  Testengine:14 - Test started successfully for the method: 
2020-04-27 18:18:46 INFO  Testengine:48 - Test completed successfully for the method: 
2020-04-27 18:19:04 INFO  Testengine:74 - *******************************************
Initiating Logger.... 
******************************************* 

2020-04-27 18:19:04 INFO  Testengine:77 - *******************************************
Reading Config File.... 
******************************************* 

2020-04-27 18:19:04 INFO  Testengine:88 - Properties file loaded successfully:
2020-04-27 18:19:04 INFO  Testengine:97 - *******************************************
 Setting Up Excel Sheet.... 
******************************************* 

2020-04-27 18:19:04 INFO  Testengine:105 - Setting up Test Summary
2020-04-27 18:19:04 INFO  Testengine:113 - Getting the WebDriver Instances for the edge browser
2020-04-27 18:19:04 INFO  Testengine:17 - Initiating Browser Driver
2020-04-27 18:19:04 INFO  Testengine:46 - Initiating Edge Browser Driver
2020-04-27 18:19:21 INFO  Testengine:132 - 
****** starting test:test1******

2020-04-27 18:19:21 INFO  Testengine:136 - Browser Launched at Mon Apr 27 18:19:21 IST 2020
2020-04-27 18:19:21 INFO  Testengine:14 - Test started successfully for the method: 
2020-04-27 18:19:21 INFO  Testengine:47 - test1 : Description Entered as Developer
2020-04-27 18:19:22 INFO  Testengine:144 - 
****** Finishing test:test1******

2020-04-27 18:19:22 INFO  Testengine:132 - 
****** starting test:test2******

2020-04-27 18:19:22 INFO  Testengine:136 - Browser Launched at Mon Apr 27 18:19:22 IST 2020
2020-04-27 18:19:22 INFO  Testengine:14 - Test started successfully for the method: 
2020-04-27 18:19:22 INFO  Testengine:62 - test2 : Country selected as India
2020-04-27 18:19:22 INFO  Testengine:48 - 
2020-04-27 18:19:22 INFO  Testengine:144 - 
****** Finishing test:test2******

2020-04-27 18:19:23 INFO  Testengine:132 - 
****** starting test:test3******

2020-04-27 18:19:23 INFO  Testengine:136 - Browser Launched at Mon Apr 27 18:19:23 IST 2020
2020-04-27 18:19:23 INFO  Testengine:14 - Test started successfully for the method: 
2020-04-27 18:19:23 INFO  Testengine:84 - test3 : Country selected as Karnataka
2020-04-27 18:19:23 INFO  Testengine:56 - 
2020-04-27 18:19:23 INFO  Testengine:144 - 
****** Finishing test:test3******

2020-04-27 18:19:23 INFO  Testengine:132 - 
****** starting test:test4******

2020-04-27 18:19:23 INFO  Testengine:136 - Browser Launched at Mon Apr 27 18:19:23 IST 2020
2020-04-27 18:19:23 INFO  Testengine:14 - Test started successfully for the method: 
2020-04-27 18:19:23 INFO  Testengine:106 - test4 : Country selected as Bengaluru
2020-04-27 18:19:23 INFO  Testengine:64 - 
2020-04-27 18:19:23 INFO  Testengine:144 - 
****** Finishing test:test4******

2020-04-27 18:19:23 INFO  Testengine:132 - 
****** starting test:test5******

2020-04-27 18:19:23 INFO  Testengine:136 - Browser Launched at Mon Apr 27 18:19:23 IST 2020
2020-04-27 18:19:23 INFO  Testengine:14 - Test started successfully for the method: 
2020-04-27 18:19:24 INFO  Testengine:123 - test5 : Clicked on Search button:
2020-04-27 18:19:24 INFO  Testengine:144 - 
****** Finishing test:test5******

2020-04-27 18:19:24 INFO  Testengine:132 - 
****** starting test:test6******

2020-04-27 18:19:24 INFO  Testengine:136 - Browser Launched at Mon Apr 27 18:19:24 IST 2020
2020-04-27 18:19:24 INFO  Testengine:14 - Test started successfully for the method: 
2020-04-27 18:20:06 INFO  Testengine:74 - *******************************************
Initiating Logger.... 
******************************************* 

2020-04-27 18:20:06 INFO  Testengine:77 - *******************************************
Reading Config File.... 
******************************************* 

2020-04-27 18:20:06 INFO  Testengine:88 - Properties file loaded successfully:
2020-04-27 18:20:06 INFO  Testengine:97 - *******************************************
 Setting Up Excel Sheet.... 
******************************************* 

2020-04-27 18:20:06 INFO  Testengine:105 - Setting up Test Summary
2020-04-27 18:20:06 INFO  Testengine:105 - Setting up Test Summary
2020-04-27 18:20:06 INFO  Testengine:105 - Setting up Test Summary
2020-04-27 18:20:06 INFO  Testengine:113 - Getting the WebDriver Instances for the edge browser
2020-04-27 18:20:06 INFO  Testengine:17 - Initiating Browser Driver
2020-04-27 18:20:06 INFO  Testengine:46 - Initiating Edge Browser Driver
2020-04-27 18:20:06 INFO  Testengine:113 - Getting the WebDriver Instances for the edge browser
2020-04-27 18:20:06 INFO  Testengine:17 - Initiating Browser Driver
2020-04-27 18:20:06 INFO  Testengine:46 - Initiating Edge Browser Driver
2020-04-27 18:20:06 INFO  Testengine:113 - Getting the WebDriver Instances for the edge browser
2020-04-27 18:20:06 INFO  Testengine:17 - Initiating Browser Driver
2020-04-27 18:20:06 INFO  Testengine:46 - Initiating Edge Browser Driver
2020-04-27 18:25:48 INFO  Testengine:74 - *******************************************
Initiating Logger.... 
******************************************* 

2020-04-27 18:25:48 INFO  Testengine:77 - *******************************************
Reading Config File.... 
******************************************* 

2020-04-27 18:25:48 INFO  Testengine:88 - Properties file loaded successfully:
2020-04-27 18:25:48 INFO  Testengine:97 - *******************************************
 Setting Up Excel Sheet.... 
******************************************* 

2020-04-27 18:25:48 INFO  Testengine:105 - Setting up Test Summary
2020-04-27 18:25:48 INFO  Testengine:105 - Setting up Test Summary
2020-04-27 18:25:48 INFO  Testengine:105 - Setting up Test Summary
2020-04-27 18:25:48 INFO  Testengine:113 - Getting the WebDriver Instances for the edge browser
2020-04-27 18:25:48 INFO  Testengine:113 - Getting the WebDriver Instances for the edge browser
2020-04-27 18:25:48 INFO  Testengine:17 - Initiating Browser Driver
2020-04-27 18:25:48 INFO  Testengine:46 - Initiating Edge Browser Driver
2020-04-27 18:25:48 INFO  Testengine:17 - Initiating Browser Driver
2020-04-27 18:25:48 INFO  Testengine:46 - Initiating Edge Browser Driver
2020-04-27 18:25:48 INFO  Testengine:113 - Getting the WebDriver Instances for the edge browser
2020-04-27 18:25:48 INFO  Testengine:17 - Initiating Browser Driver
2020-04-27 18:25:48 INFO  Testengine:46 - Initiating Edge Browser Driver
2020-04-27 18:26:18 INFO  Testengine:74 - *******************************************
Initiating Logger.... 
******************************************* 

2020-04-27 18:26:18 INFO  Testengine:77 - *******************************************
Reading Config File.... 
******************************************* 

2020-04-27 18:26:18 INFO  Testengine:88 - Properties file loaded successfully:
2020-04-27 18:26:18 INFO  Testengine:97 - *******************************************
 Setting Up Excel Sheet.... 
******************************************* 

2020-04-27 18:26:18 INFO  Testengine:105 - Setting up Test Summary
2020-04-27 18:26:18 INFO  Testengine:113 - Getting the WebDriver Instances for the edge browser
2020-04-27 18:26:18 INFO  Testengine:17 - Initiating Browser Driver
2020-04-27 18:26:18 INFO  Testengine:46 - Initiating Edge Browser Driver
2020-04-27 18:26:32 INFO  Testengine:132 - 
****** starting test:test1******

2020-04-27 18:26:32 INFO  Testengine:136 - Browser Launched at Mon Apr 27 18:26:32 IST 2020
2020-04-27 18:26:32 INFO  Testengine:14 - Test started successfully for the method: 
2020-04-27 18:26:32 INFO  Testengine:47 - test1 : Description Entered as Developer
2020-04-27 18:26:32 INFO  Testengine:144 - 
****** Finishing test:test1******

2020-04-27 18:26:32 INFO  Testengine:132 - 
****** starting test:test2******

2020-04-27 18:26:32 INFO  Testengine:136 - Browser Launched at Mon Apr 27 18:26:32 IST 2020
2020-04-27 18:26:32 INFO  Testengine:14 - Test started successfully for the method: 
2020-04-27 18:26:33 INFO  Testengine:62 - test2 : Country selected as India
2020-04-27 18:26:33 INFO  Testengine:48 - 
2020-04-27 18:26:33 INFO  Testengine:144 - 
****** Finishing test:test2******

2020-04-27 18:26:33 INFO  Testengine:132 - 
****** starting test:test3******

2020-04-27 18:26:33 INFO  Testengine:136 - Browser Launched at Mon Apr 27 18:26:33 IST 2020
2020-04-27 18:26:33 INFO  Testengine:14 - Test started successfully for the method: 
2020-04-27 18:26:33 INFO  Testengine:84 - test3 : Country selected as Karnataka
2020-04-27 18:26:33 INFO  Testengine:56 - 
2020-04-27 18:26:33 INFO  Testengine:144 - 
****** Finishing test:test3******

2020-04-27 18:26:33 INFO  Testengine:132 - 
****** starting test:test4******

2020-04-27 18:26:33 INFO  Testengine:136 - Browser Launched at Mon Apr 27 18:26:33 IST 2020
2020-04-27 18:26:33 INFO  Testengine:14 - Test started successfully for the method: 
2020-04-27 18:26:34 INFO  Testengine:106 - test4 : Country selected as Bengaluru
2020-04-27 18:26:34 INFO  Testengine:64 - 
2020-04-27 18:26:34 INFO  Testengine:144 - 
****** Finishing test:test4******

2020-04-27 18:26:34 INFO  Testengine:132 - 
****** starting test:test5******

2020-04-27 18:26:34 INFO  Testengine:136 - Browser Launched at Mon Apr 27 18:26:34 IST 2020
2020-04-27 18:26:34 INFO  Testengine:14 - Test started successfully for the method: 
2020-04-27 18:26:34 INFO  Testengine:123 - test5 : Clicked on Search button:
2020-04-27 18:26:34 INFO  Testengine:144 - 
****** Finishing test:test5******

2020-04-27 18:26:34 INFO  Testengine:132 - 
****** starting test:test6******

2020-04-27 18:26:34 INFO  Testengine:136 - Browser Launched at Mon Apr 27 18:26:34 IST 2020
2020-04-27 18:26:34 INFO  Testengine:14 - Test started successfully for the method: 
2020-04-27 18:26:35 FATAL Testengine:27 - Test step Failed: 
2020-04-27 18:26:35 INFO  Testengine:144 - 
****** Finishing test:test6******

2020-04-27 18:26:35 INFO  Testengine:132 - 
****** starting test:testa1******

2020-04-27 18:26:35 INFO  Testengine:136 - Browser Launched at Mon Apr 27 18:26:35 IST 2020
2020-04-27 18:26:35 INFO  Testengine:14 - Test started successfully for the method: 
2020-04-27 18:26:35 INFO  Testengine:47 - testa1 : Description Entered as Developer
2020-04-27 18:26:35 FATAL Testengine:27 - Test step Failed: 
2020-04-27 18:26:35 INFO  Testengine:144 - 
****** Finishing test:testa1******

2020-04-27 18:26:35 INFO  Testengine:132 - 
****** starting test:test7******

2020-04-27 18:26:35 INFO  Testengine:136 - Browser Launched at Mon Apr 27 18:26:35 IST 2020
2020-04-27 18:26:35 INFO  Testengine:14 - Test started successfully for the method: 
2020-04-27 18:26:35 INFO  Testengine:58 - SaveforLater_Button is displaying in the screen
2020-04-27 18:26:44 FATAL Testengine:86 - org.openqa.selenium.NoSuchElementException: Cannot locate an element using xpath=//h1[contains(text(),'Sr. Ab Initio Developer / Technical Lead (Apps Systems Engineer 5)')]
For documentation on this error, please visit: https://www.seleniumhq.org/exceptions/no_such_element.html
Build info: version: '3.141.59', revision: 'e82be7d358', time: '2018-11-14T08:17:03'
System info: host: 'DESKTOP-J6NT3H3', ip: '192.168.0.8', os.name: 'Windows 10', os.arch: 'amd64', os.version: '10.0', java.version: '1.8.0_242'
Driver info: driver.version: RemoteWebDriver
2020-04-27 18:26:44 INFO  Testengine:144 - 
****** Finishing test:test7******

2020-04-27 18:26:44 INFO  Testengine:132 - 
****** starting test:test8******

2020-04-27 18:26:44 INFO  Testengine:136 - Browser Launched at Mon Apr 27 18:26:44 IST 2020
2020-04-27 18:26:44 INFO  Testengine:14 - Test started successfully for the method: 
2020-04-27 18:26:44 WARN  Testengine:97 - Scrolling Failed
2020-04-27 18:27:01 INFO  Testengine:74 - *******************************************
Initiating Logger.... 
******************************************* 

2020-04-27 18:27:01 INFO  Testengine:77 - *******************************************
Reading Config File.... 
******************************************* 

2020-04-27 18:27:01 INFO  Testengine:88 - Properties file loaded successfully:
2020-04-27 18:27:01 INFO  Testengine:97 - *******************************************
 Setting Up Excel Sheet.... 
******************************************* 

2020-04-27 18:27:01 INFO  Testengine:105 - Setting up Test Summary
2020-04-27 18:27:01 INFO  Testengine:113 - Getting the WebDriver Instances for the firefox browser
2020-04-27 18:27:01 INFO  Testengine:17 - Initiating Browser Driver
2020-04-27 18:27:01 INFO  Testengine:32 - Initiating Firefox Browser Driver
2020-04-27 18:27:20 INFO  Testengine:132 - 
****** starting test:test1******

2020-04-27 18:27:20 INFO  Testengine:136 - Browser Launched at Mon Apr 27 18:27:20 IST 2020
2020-04-27 18:27:20 INFO  Testengine:14 - Test started successfully for the method: 
2020-04-27 18:27:20 INFO  Testengine:47 - test1 : Description Entered as Developer
2020-04-27 18:27:20 INFO  Testengine:144 - 
****** Finishing test:test1******

2020-04-27 18:27:21 INFO  Testengine:132 - 
****** starting test:test2******

2020-04-27 18:27:21 INFO  Testengine:136 - Browser Launched at Mon Apr 27 18:27:21 IST 2020
2020-04-27 18:27:21 INFO  Testengine:14 - Test started successfully for the method: 
2020-04-27 18:27:21 INFO  Testengine:62 - test2 : Country selected as India
2020-04-27 18:27:21 FATAL Testengine:66 - Unable to find the country India in the dropdownlist
2020-04-27 18:27:21 FATAL Testengine:27 - Test step Failed: 
2020-04-27 18:27:21 INFO  Testengine:144 - 
****** Finishing test:test2******

2020-04-27 18:27:22 INFO  Testengine:132 - 
****** starting test:test3******

2020-04-27 18:27:22 INFO  Testengine:136 - Browser Launched at Mon Apr 27 18:27:22 IST 2020
2020-04-27 18:27:22 INFO  Testengine:14 - Test started successfully for the method: 
2020-04-27 18:27:22 INFO  Testengine:84 - test3 : Country selected as Karnataka
2020-04-27 18:27:22 INFO  Testengine:56 - 
2020-04-27 18:27:22 INFO  Testengine:144 - 
****** Finishing test:test3******

2020-04-27 18:27:22 INFO  Testengine:132 - 
****** starting test:test4******

2020-04-27 18:27:22 INFO  Testengine:136 - Browser Launched at Mon Apr 27 18:27:22 IST 2020
2020-04-27 18:27:22 INFO  Testengine:14 - Test started successfully for the method: 
2020-04-27 18:27:23 INFO  Testengine:106 - test4 : Country selected as Bengaluru
2020-04-27 18:27:23 INFO  Testengine:64 - 
2020-04-27 18:27:23 INFO  Testengine:144 - 
****** Finishing test:test4******

2020-04-27 18:27:23 INFO  Testengine:132 - 
****** starting test:test5******

2020-04-27 18:27:23 INFO  Testengine:136 - Browser Launched at Mon Apr 27 18:27:23 IST 2020
2020-04-27 18:27:23 INFO  Testengine:14 - Test started successfully for the method: 
2020-04-27 18:27:27 INFO  Testengine:123 - test5 : Clicked on Search button:
2020-04-27 18:27:27 INFO  Testengine:144 - 
****** Finishing test:test5******

2020-04-27 18:27:27 INFO  Testengine:132 - 
****** starting test:test6******

2020-04-27 18:27:27 INFO  Testengine:136 - Browser Launched at Mon Apr 27 18:27:27 IST 2020
2020-04-27 18:27:27 INFO  Testengine:14 - Test started successfully for the method: 
2020-04-27 18:27:27 FATAL Testengine:27 - Test step Failed: 
2020-04-27 18:27:27 INFO  Testengine:144 - 
****** Finishing test:test6******

2020-04-27 18:27:27 INFO  Testengine:132 - 
****** starting test:testa1******

2020-04-27 18:27:27 INFO  Testengine:136 - Browser Launched at Mon Apr 27 18:27:27 IST 2020
2020-04-27 18:27:27 INFO  Testengine:14 - Test started successfully for the method: 
2020-04-27 18:27:27 INFO  Testengine:47 - testa1 : Description Entered as Developer
2020-04-27 18:27:27 FATAL Testengine:27 - Test step Failed: 
2020-04-27 18:27:27 INFO  Testengine:144 - 
****** Finishing test:testa1******

2020-04-27 18:27:28 INFO  Testengine:132 - 
****** starting test:test7******

2020-04-27 18:27:28 INFO  Testengine:136 - Browser Launched at Mon Apr 27 18:27:28 IST 2020
2020-04-27 18:27:28 INFO  Testengine:14 - Test started successfully for the method: 
2020-04-27 18:27:28 INFO  Testengine:58 - SaveforLater_Button is displaying in the screen
2020-04-27 18:27:38 FATAL Testengine:86 - org.openqa.selenium.NoSuchElementException: Unable to locate element: //h1[contains(text(),'Sr. Ab Initio Developer / Technical Lead (Apps Systems Engineer 5)')]
For documentation on this error, please visit: https://www.seleniumhq.org/exceptions/no_such_element.html
Build info: version: '3.141.59', revision: 'e82be7d358', time: '2018-11-14T08:17:03'
System info: host: 'DESKTOP-J6NT3H3', ip: '192.168.0.8', os.name: 'Windows 10', os.arch: 'amd64', os.version: '10.0', java.version: '1.8.0_242'
Driver info: org.openqa.selenium.firefox.FirefoxDriver
Capabilities {acceptInsecureCerts: true, browserName: firefox, browserVersion: 75.0, javascriptEnabled: true, moz:accessibilityChecks: false, moz:buildID: 20200403170909, moz:geckodriverVersion: 0.26.0, moz:headless: false, moz:processID: 18620, moz:profile: C:\Users\karth\AppData\Loca..., moz:shutdownTimeout: 60000, moz:useNonSpecCompliantPointerOrigin: false, moz:webdriverClick: true, pageLoadStrategy: normal, platform: WINDOWS, platformName: WINDOWS, platformVersion: 10.0, rotatable: false, setWindowRect: true, strictFileInteractability: false, timeouts: {implicit: 0, pageLoad: 300000, script: 30000}, unhandledPromptBehavior: dismiss and notify}
Session ID: 7b22dea7-479f-4289-9328-8022d3bf641b
*** Element info: {Using=xpath, value=//h1[contains(text(),'Sr. Ab Initio Developer / Technical Lead (Apps Systems Engineer 5)')]}
2020-04-27 18:27:38 INFO  Testengine:144 - 
****** Finishing test:test7******

2020-04-27 18:27:38 INFO  Testengine:132 - 
****** starting test:test8******

2020-04-27 18:27:38 INFO  Testengine:136 - Browser Launched at Mon Apr 27 18:27:38 IST 2020
2020-04-27 18:27:38 INFO  Testengine:14 - Test started successfully for the method: 
2020-04-27 18:27:38 INFO  Testengine:95 - Page scrolled
2020-04-27 18:27:49 INFO  Testengine:144 - 
****** Finishing test:test8******

2020-04-27 18:27:49 INFO  Testengine:132 - 
****** starting test:test9******

2020-04-27 18:27:49 INFO  Testengine:136 - Browser Launched at Mon Apr 27 18:27:49 IST 2020
2020-04-27 18:27:49 INFO  Testengine:14 - Test started successfully for the method: 
2020-04-27 18:27:49 FATAL Testengine:27 - Test step Failed: 
2020-04-27 18:27:49 INFO  Testengine:144 - 
****** Finishing test:test9******

2020-04-27 18:27:49 INFO  Testengine:132 - 
****** starting test:test10******

2020-04-27 18:27:49 INFO  Testengine:136 - Browser Launched at Mon Apr 27 18:27:49 IST 2020
2020-04-27 18:27:49 INFO  Testengine:14 - Test started successfully for the method: 
2020-04-27 18:28:19 FATAL Testengine:27 - Test step Failed: 
2020-04-27 18:28:19 INFO  Testengine:144 - 
****** Finishing test:test10******

2020-04-27 18:28:32 INFO  Testengine:74 - *******************************************
Initiating Logger.... 
******************************************* 

2020-04-27 18:28:32 INFO  Testengine:77 - *******************************************
Reading Config File.... 
******************************************* 

2020-04-27 18:28:32 INFO  Testengine:88 - Properties file loaded successfully:
2020-04-27 18:28:32 INFO  Testengine:97 - *******************************************
 Setting Up Excel Sheet.... 
******************************************* 

2020-04-27 18:28:32 INFO  Testengine:105 - Setting up Test Summary
2020-04-27 18:28:32 INFO  Testengine:113 - Getting the WebDriver Instances for the firefox browser
2020-04-27 18:28:32 INFO  Testengine:17 - Initiating Browser Driver
2020-04-27 18:28:32 INFO  Testengine:32 - Initiating Firefox Browser Driver
2020-04-27 18:28:49 INFO  Testengine:132 - 
****** starting test:test1******

2020-04-27 18:28:49 INFO  Testengine:136 - Browser Launched at Mon Apr 27 18:28:49 IST 2020
2020-04-27 18:28:49 INFO  Testengine:14 - Test started successfully for the method: 
2020-04-27 18:28:49 INFO  Testengine:47 - test1 : Description Entered as Developer
2020-04-27 18:28:50 INFO  Testengine:144 - 
****** Finishing test:test1******

2020-04-27 18:28:50 INFO  Testengine:132 - 
****** starting test:test2******

2020-04-27 18:28:50 INFO  Testengine:136 - Browser Launched at Mon Apr 27 18:28:50 IST 2020
2020-04-27 18:28:50 INFO  Testengine:14 - Test started successfully for the method: 
2020-04-27 18:28:51 INFO  Testengine:62 - test2 : Country selected as India
2020-04-27 18:28:51 FATAL Testengine:66 - Unable to find the country India in the dropdownlist
2020-04-27 18:28:51 FATAL Testengine:27 - Test step Failed: 
2020-04-27 18:28:51 INFO  Testengine:144 - 
****** Finishing test:test2******

2020-04-27 18:28:51 INFO  Testengine:132 - 
****** starting test:test3******

2020-04-27 18:28:51 INFO  Testengine:136 - Browser Launched at Mon Apr 27 18:28:51 IST 2020
2020-04-27 18:28:51 INFO  Testengine:14 - Test started successfully for the method: 
2020-04-27 18:28:52 INFO  Testengine:84 - test3 : Country selected as Karnataka
2020-04-27 18:28:52 INFO  Testengine:56 - 
2020-04-27 18:28:52 INFO  Testengine:144 - 
****** Finishing test:test3******

2020-04-27 18:28:52 INFO  Testengine:132 - 
****** starting test:test4******

2020-04-27 18:28:52 INFO  Testengine:136 - Browser Launched at Mon Apr 27 18:28:52 IST 2020
2020-04-27 18:28:52 INFO  Testengine:14 - Test started successfully for the method: 
2020-04-27 18:28:53 INFO  Testengine:106 - test4 : Country selected as Bengaluru
2020-04-27 18:28:53 INFO  Testengine:64 - 
2020-04-27 18:28:53 INFO  Testengine:144 - 
****** Finishing test:test4******

2020-04-27 18:28:53 INFO  Testengine:132 - 
****** starting test:test5******

2020-04-27 18:28:53 INFO  Testengine:136 - Browser Launched at Mon Apr 27 18:28:53 IST 2020
2020-04-27 18:28:53 INFO  Testengine:14 - Test started successfully for the method: 
2020-04-27 18:28:55 INFO  Testengine:123 - test5 : Clicked on Search button:
2020-04-27 18:28:55 INFO  Testengine:144 - 
****** Finishing test:test5******

2020-04-27 18:28:55 INFO  Testengine:132 - 
****** starting test:test6******

2020-04-27 18:28:55 INFO  Testengine:136 - Browser Launched at Mon Apr 27 18:28:55 IST 2020
2020-04-27 18:28:55 INFO  Testengine:14 - Test started successfully for the method: 
2020-04-27 18:28:55 FATAL Testengine:27 - Test step Failed: 
2020-04-27 18:28:55 INFO  Testengine:144 - 
****** Finishing test:test6******

2020-04-27 18:28:55 INFO  Testengine:132 - 
****** starting test:testa1******

2020-04-27 18:28:55 INFO  Testengine:136 - Browser Launched at Mon Apr 27 18:28:55 IST 2020
2020-04-27 18:28:55 INFO  Testengine:14 - Test started successfully for the method: 
2020-04-27 18:28:56 INFO  Testengine:47 - testa1 : Description Entered as Developer
2020-04-27 18:28:56 FATAL Testengine:27 - Test step Failed: 
2020-04-27 18:28:56 INFO  Testengine:144 - 
****** Finishing test:testa1******

2020-04-27 18:28:56 INFO  Testengine:132 - 
****** starting test:test7******

2020-04-27 18:28:56 INFO  Testengine:136 - Browser Launched at Mon Apr 27 18:28:56 IST 2020
2020-04-27 18:28:56 INFO  Testengine:14 - Test started successfully for the method: 
2020-04-27 18:28:56 INFO  Testengine:58 - SaveforLater_Button is displaying in the screen
2020-04-27 18:29:06 FATAL Testengine:86 - org.openqa.selenium.NoSuchElementException: Unable to locate element: //h1[contains(text(),'Sr. Ab Initio Developer / Technical Lead (Apps Systems Engineer 5)')]
For documentation on this error, please visit: https://www.seleniumhq.org/exceptions/no_such_element.html
Build info: version: '3.141.59', revision: 'e82be7d358', time: '2018-11-14T08:17:03'
System info: host: 'DESKTOP-J6NT3H3', ip: '192.168.0.8', os.name: 'Windows 10', os.arch: 'amd64', os.version: '10.0', java.version: '1.8.0_242'
Driver info: org.openqa.selenium.firefox.FirefoxDriver
Capabilities {acceptInsecureCerts: true, browserName: firefox, browserVersion: 75.0, javascriptEnabled: true, moz:accessibilityChecks: false, moz:buildID: 20200403170909, moz:geckodriverVersion: 0.26.0, moz:headless: false, moz:processID: 21096, moz:profile: C:\Users\karth\AppData\Loca..., moz:shutdownTimeout: 60000, moz:useNonSpecCompliantPointerOrigin: false, moz:webdriverClick: true, pageLoadStrategy: normal, platform: WINDOWS, platformName: WINDOWS, platformVersion: 10.0, rotatable: false, setWindowRect: true, strictFileInteractability: false, timeouts: {implicit: 0, pageLoad: 300000, script: 30000}, unhandledPromptBehavior: dismiss and notify}
Session ID: f842aae0-3e9d-4621-b21f-3d8b4cd85498
*** Element info: {Using=xpath, value=//h1[contains(text(),'Sr. Ab Initio Developer / Technical Lead (Apps Systems Engineer 5)')]}
2020-04-27 18:29:06 INFO  Testengine:144 - 
****** Finishing test:test7******

2020-04-27 18:29:06 INFO  Testengine:132 - 
****** starting test:test8******

2020-04-27 18:29:06 INFO  Testengine:136 - Browser Launched at Mon Apr 27 18:29:06 IST 2020
2020-04-27 18:29:06 INFO  Testengine:14 - Test started successfully for the method: 
2020-04-27 18:29:06 INFO  Testengine:95 - Page scrolled
2020-04-27 18:29:17 INFO  Testengine:144 - 
****** Finishing test:test8******

2020-04-27 18:29:17 INFO  Testengine:132 - 
****** starting test:test9******

2020-04-27 18:29:17 INFO  Testengine:136 - Browser Launched at Mon Apr 27 18:29:17 IST 2020
2020-04-27 18:29:17 INFO  Testengine:14 - Test started successfully for the method: 
2020-04-27 18:29:17 FATAL Testengine:27 - Test step Failed: 
2020-04-27 18:29:17 INFO  Testengine:144 - 
****** Finishing test:test9******

2020-04-27 18:29:17 INFO  Testengine:132 - 
****** starting test:test10******

2020-04-27 18:29:17 INFO  Testengine:136 - Browser Launched at Mon Apr 27 18:29:17 IST 2020
2020-04-27 18:29:17 INFO  Testengine:14 - Test started successfully for the method: 
2020-04-27 18:29:26 INFO  Testengine:74 - *******************************************
Initiating Logger.... 
******************************************* 

2020-04-27 18:29:26 INFO  Testengine:77 - *******************************************
Reading Config File.... 
******************************************* 

2020-04-27 18:29:26 INFO  Testengine:88 - Properties file loaded successfully:
2020-04-27 18:29:26 INFO  Testengine:97 - *******************************************
 Setting Up Excel Sheet.... 
******************************************* 

2020-04-27 18:29:26 INFO  Testengine:105 - Setting up Test Summary
2020-04-27 18:29:26 INFO  Testengine:113 - Getting the WebDriver Instances for the firefox browser
2020-04-27 18:29:26 INFO  Testengine:17 - Initiating Browser Driver
2020-04-27 18:29:26 INFO  Testengine:32 - Initiating Firefox Browser Driver
2020-04-27 18:29:46 INFO  Testengine:132 - 
****** starting test:test3******

2020-04-27 18:29:46 INFO  Testengine:132 - 
****** starting test:test2******

2020-04-27 18:29:46 INFO  Testengine:132 - 
****** starting test:test1******

2020-04-27 18:29:46 INFO  Testengine:136 - Browser Launched at Mon Apr 27 18:29:46 IST 2020
2020-04-27 18:29:46 INFO  Testengine:136 - Browser Launched at Mon Apr 27 18:29:46 IST 2020
2020-04-27 18:29:46 INFO  Testengine:136 - Browser Launched at Mon Apr 27 18:29:46 IST 2020
2020-04-27 18:29:46 INFO  Testengine:14 - Test started successfully for the method: 
2020-04-27 18:29:46 INFO  Testengine:14 - Test started successfully for the method: 
2020-04-27 18:29:46 INFO  Testengine:14 - Test started successfully for the method: 
2020-04-27 18:29:47 INFO  Testengine:47 - test2 : Description Entered as Developer
2020-04-27 18:29:47 INFO  Testengine:144 - 
****** Finishing test:test2******

2020-04-27 18:29:48 INFO  Testengine:132 - 
****** starting test:test4******

2020-04-27 18:29:48 INFO  Testengine:136 - Browser Launched at Mon Apr 27 18:29:48 IST 2020
2020-04-27 18:29:48 INFO  Testengine:14 - Test started successfully for the method: 
2020-04-27 18:29:48 INFO  Testengine:62 - test4 : Country selected as India
2020-04-27 18:29:48 FATAL Testengine:66 - Unable to find the country India in the dropdownlist
2020-04-27 18:29:48 FATAL Testengine:88 - Unable to find the country Karnataka in the dropdownlist
2020-04-27 18:29:48 FATAL Testengine:27 - Test step Failed: 
2020-04-27 18:29:48 FATAL Testengine:27 - Test step Failed: 
2020-04-27 18:29:48 INFO  Testengine:144 - 
****** Finishing test:test4******

2020-04-27 18:29:48 INFO  Testengine:144 - 
****** Finishing test:test4******

2020-04-27 18:29:48 INFO  Testengine:132 - 
****** starting test:test5******

2020-04-27 18:29:48 INFO  Testengine:136 - Browser Launched at Mon Apr 27 18:29:48 IST 2020
2020-04-27 18:29:48 INFO  Testengine:132 - 
****** starting test:test6******

2020-04-27 18:29:48 INFO  Testengine:14 - Test started successfully for the method: 
2020-04-27 18:29:48 INFO  Testengine:136 - Browser Launched at Mon Apr 27 18:29:48 IST 2020
2020-04-27 18:29:48 INFO  Testengine:14 - Test started successfully for the method: 
2020-04-27 18:29:51 FATAL Testengine:27 - Test step Failed: 
2020-04-27 18:29:51 INFO  Testengine:144 - 
****** Finishing test:test6******

2020-04-27 18:29:51 FATAL Testengine:110 - Unable to find the country Bengaluru in the dropdownlist
2020-04-27 18:29:51 FATAL Testengine:27 - Test step Failed: 
2020-04-27 18:29:51 INFO  Testengine:144 - 
****** Finishing test:test6******

2020-04-27 18:29:51 INFO  Testengine:132 - 
****** starting test:testa1******

2020-04-27 18:29:51 INFO  Testengine:136 - Browser Launched at Mon Apr 27 18:29:51 IST 2020
2020-04-27 18:29:51 INFO  Testengine:132 - 
****** starting test:test7******

2020-04-27 18:29:51 INFO  Testengine:14 - Test started successfully for the method: 
2020-04-27 18:29:51 INFO  Testengine:136 - Browser Launched at Mon Apr 27 18:29:51 IST 2020
2020-04-27 18:29:52 INFO  Testengine:14 - Test started successfully for the method: 
2020-04-27 18:29:52 INFO  Testengine:58 - SaveforLater_Button is displaying in the screen
2020-04-27 18:29:52 FATAL Testengine:27 - Test step Failed: 
2020-04-27 18:29:52 INFO  Testengine:144 - 
****** Finishing test:test10******

2020-04-27 18:30:02 FATAL Testengine:86 - org.openqa.selenium.WebDriverException: Failed to decode response from marionette
Build info: version: '3.141.59', revision: 'e82be7d358', time: '2018-11-14T08:17:03'
System info: host: 'DESKTOP-J6NT3H3', ip: '192.168.0.8', os.name: 'Windows 10', os.arch: 'amd64', os.version: '10.0', java.version: '1.8.0_242'
Driver info: org.openqa.selenium.firefox.FirefoxDriver
Capabilities {acceptInsecureCerts: true, browserName: firefox, browserVersion: 75.0, javascriptEnabled: true, moz:accessibilityChecks: false, moz:buildID: 20200403170909, moz:geckodriverVersion: 0.26.0, moz:headless: false, moz:processID: 18404, moz:profile: C:\Users\karth\AppData\Loca..., moz:shutdownTimeout: 60000, moz:useNonSpecCompliantPointerOrigin: false, moz:webdriverClick: true, pageLoadStrategy: normal, platform: WINDOWS, platformName: WINDOWS, platformVersion: 10.0, rotatable: false, setWindowRect: true, strictFileInteractability: false, timeouts: {implicit: 0, pageLoad: 300000, script: 30000}, unhandledPromptBehavior: dismiss and notify}
Session ID: 1a28faf5-3bcb-42c8-a74f-6fca02443967
*** Element info: {Using=xpath, value=//h1[contains(text(),'Sr. Ab Initio Developer / Technical Lead (Apps Systems Engineer 5)')]}
2020-04-27 18:30:02 FATAL Testengine:127 - test7 : Unable to Clicked on Search button:
2020-04-27 18:30:02 FATAL Testengine:27 - Test step Failed: 
2020-04-27 18:30:02 INFO  Testengine:144 - 
****** Finishing test:test7******

2020-04-27 18:30:02 FATAL Testengine:27 - Test step Failed: 
2020-04-27 18:30:02 INFO  Testengine:144 - 
****** Finishing test:test7******

2020-04-27 18:30:02 INFO  Testengine:144 - 
****** Finishing test:test7******

2020-04-27 18:30:02 INFO  Testengine:132 - 
****** starting test:test8******

2020-04-27 18:30:02 INFO  Testengine:132 - 
****** starting test:test9******

2020-04-27 18:30:02 INFO  Testengine:136 - Browser Launched at Mon Apr 27 18:30:02 IST 2020
2020-04-27 18:30:02 INFO  Testengine:14 - Test started successfully for the method: 
2020-04-27 18:30:02 INFO  Testengine:132 - 
****** starting test:test10******

2020-04-27 18:30:02 INFO  Testengine:136 - Browser Launched at Mon Apr 27 18:30:02 IST 2020
2020-04-27 18:30:02 INFO  Testengine:136 - Browser Launched at Mon Apr 27 18:30:02 IST 2020
2020-04-27 18:30:02 INFO  Testengine:14 - Test started successfully for the method: 
2020-04-27 18:30:02 INFO  Testengine:14 - Test started successfully for the method: 
2020-04-27 18:30:02 FATAL Testengine:27 - Test step Failed: 
2020-04-27 18:30:02 WARN  Testengine:97 - Scrolling Failed
2020-04-27 18:30:02 INFO  Testengine:144 - 
****** Finishing test:test10******

2020-04-27 18:30:02 FATAL Testengine:27 - Test step Failed: 
2020-04-27 18:30:02 INFO  Testengine:144 - 
****** Finishing test:test10******

2020-04-27 18:30:02 FATAL Testengine:27 - Test step Failed: 
2020-04-27 18:30:02 INFO  Testengine:144 - 
****** Finishing test:test10******

2020-04-27 18:36:38 INFO  Testengine:74 - *******************************************
Initiating Logger.... 
******************************************* 

2020-04-27 18:36:38 INFO  Testengine:77 - *******************************************
Reading Config File.... 
******************************************* 

2020-04-27 18:36:38 INFO  Testengine:88 - Properties file loaded successfully:
2020-04-27 18:36:38 INFO  Testengine:97 - *******************************************
 Setting Up Excel Sheet.... 
******************************************* 

2020-04-27 18:36:38 INFO  Testengine:105 - Setting up Test Summary
2020-04-27 18:36:38 INFO  Testengine:105 - Setting up Test Summary
2020-04-27 18:36:38 INFO  Testengine:105 - Setting up Test Summary
2020-04-27 18:36:38 INFO  Testengine:113 - Getting the WebDriver Instances for the firefox browser
2020-04-27 18:36:38 INFO  Testengine:113 - Getting the WebDriver Instances for the firefox browser
2020-04-27 18:36:38 INFO  Testengine:17 - Initiating Browser Driver
2020-04-27 18:36:38 INFO  Testengine:32 - Initiating Firefox Browser Driver
2020-04-27 18:36:38 INFO  Testengine:17 - Initiating Browser Driver
2020-04-27 18:36:38 INFO  Testengine:32 - Initiating Firefox Browser Driver
2020-04-27 18:36:38 INFO  Testengine:113 - Getting the WebDriver Instances for the firefox browser
2020-04-27 18:36:38 INFO  Testengine:17 - Initiating Browser Driver
2020-04-27 18:36:38 INFO  Testengine:32 - Initiating Firefox Browser Driver
2020-04-27 18:36:59 INFO  Testengine:14 - Test started successfully for the method: 
2020-04-27 18:36:59 INFO  Testengine:14 - Test started successfully for the method: 
2020-04-27 18:36:59 INFO  Testengine:14 - Test started successfully for the method: 
2020-04-27 18:36:59 INFO  Testengine:14 - Test started successfully for the method: 
2020-04-27 18:37:00 INFO  Testengine:14 - Test started successfully for the method: 
2020-04-27 18:37:00 INFO  Testengine:14 - Test started successfully for the method: 
2020-04-27 18:37:00 INFO  Testengine:14 - Test started successfully for the method: 
2020-04-27 18:37:00 INFO  Testengine:14 - Test started successfully for the method: 
2020-04-27 18:37:00 INFO  Testengine:14 - Test started successfully for the method: 
2020-04-27 18:37:00 INFO  Testengine:14 - Test started successfully for the method: 
2020-04-27 18:37:00 INFO  Testengine:14 - Test started successfully for the method: 
2020-04-27 18:37:00 INFO  Testengine:14 - Test started successfully for the method: 
2020-04-27 18:37:00 INFO  Testengine:14 - Test started successfully for the method: 
2020-04-27 18:37:00 INFO  Testengine:14 - Test started successfully for the method: 
2020-04-27 18:37:00 INFO  Testengine:14 - Test started successfully for the method: 
2020-04-27 18:37:00 INFO  Testengine:14 - Test started successfully for the method: 
2020-04-27 18:37:00 INFO  Testengine:14 - Test started successfully for the method: 
2020-04-27 18:37:00 INFO  Testengine:14 - Test started successfully for the method: 
2020-04-27 18:37:00 INFO  Testengine:14 - Test started successfully for the method: 
2020-04-27 18:37:00 INFO  Testengine:14 - Test started successfully for the method: 
2020-04-27 18:37:00 INFO  Testengine:14 - Test started successfully for the method: 
2020-04-27 18:37:00 INFO  Testengine:14 - Test started successfully for the method: 
2020-04-27 18:37:00 INFO  Testengine:14 - Test started successfully for the method: 
2020-04-27 18:37:00 INFO  Testengine:14 - Test started successfully for the method: 
2020-04-27 18:37:00 INFO  Testengine:14 - Test started successfully for the method: 
2020-04-27 18:37:00 INFO  Testengine:14 - Test started successfully for the method: 
2020-04-27 18:37:00 INFO  Testengine:14 - Test started successfully for the method: 
2020-04-27 18:37:00 INFO  Testengine:14 - Test started successfully for the method: 
2020-04-27 18:37:00 INFO  Testengine:14 - Test started successfully for the method: 
2020-04-27 18:37:00 INFO  Testengine:14 - Test started successfully for the method: 
2020-04-27 18:37:00 INFO  Testengine:14 - Test started successfully for the method: 
2020-04-27 18:37:16 INFO  Testengine:74 - *******************************************
Initiating Logger.... 
******************************************* 

2020-04-27 18:37:16 INFO  Testengine:77 - *******************************************
Reading Config File.... 
******************************************* 

2020-04-27 18:37:16 INFO  Testengine:88 - Properties file loaded successfully:
2020-04-27 18:37:16 INFO  Testengine:97 - *******************************************
 Setting Up Excel Sheet.... 
******************************************* 

2020-04-27 18:37:16 INFO  Testengine:105 - Setting up Test Summary
2020-04-27 18:37:16 INFO  Testengine:105 - Setting up Test Summary
2020-04-27 18:37:16 INFO  Testengine:105 - Setting up Test Summary
2020-04-27 18:37:16 INFO  Testengine:113 - Getting the WebDriver Instances for the edge browser
2020-04-27 18:37:16 INFO  Testengine:17 - Initiating Browser Driver
2020-04-27 18:37:16 INFO  Testengine:46 - Initiating Edge Browser Driver
2020-04-27 18:37:16 INFO  Testengine:113 - Getting the WebDriver Instances for the edge browser
2020-04-27 18:37:16 INFO  Testengine:113 - Getting the WebDriver Instances for the edge browser
2020-04-27 18:37:16 INFO  Testengine:17 - Initiating Browser Driver
2020-04-27 18:37:16 INFO  Testengine:46 - Initiating Edge Browser Driver
2020-04-27 18:37:16 INFO  Testengine:17 - Initiating Browser Driver
2020-04-27 18:37:16 INFO  Testengine:46 - Initiating Edge Browser Driver
2020-04-27 18:37:36 INFO  Testengine:132 - 
****** starting test:test1******

2020-04-27 18:37:36 INFO  Testengine:132 - 
****** starting test:test1******

2020-04-27 18:37:36 INFO  Testengine:132 - 
****** starting test:test1******

2020-04-27 18:37:36 INFO  Testengine:136 - Browser Launched at Mon Apr 27 18:37:36 IST 2020
2020-04-27 18:37:36 INFO  Testengine:136 - Browser Launched at Mon Apr 27 18:37:36 IST 2020
2020-04-27 18:37:36 INFO  Testengine:136 - Browser Launched at Mon Apr 27 18:37:36 IST 2020
2020-04-27 18:37:36 INFO  Testengine:14 - Test started successfully for the method: 
2020-04-27 18:37:36 INFO  Testengine:14 - Test started successfully for the method: 
2020-04-27 18:37:36 INFO  Testengine:14 - Test started successfully for the method: 
2020-04-27 18:37:37 INFO  Testengine:47 - test1 : Description Entered as Developer
2020-04-27 18:37:37 INFO  Testengine:47 - test1 : Description Entered as Developer
2020-04-27 18:37:37 INFO  Testengine:47 - test1 : Description Entered as Developer
2020-04-27 18:37:37 FATAL Testengine:27 - Test step Failed: 
2020-04-27 18:37:37 INFO  Testengine:144 - 
****** Finishing test:test1******

2020-04-27 18:37:37 FATAL Testengine:27 - Test step Failed: 
2020-04-27 18:37:37 INFO  Testengine:144 - 
****** Finishing test:test1******

2020-04-27 18:37:37 FATAL Testengine:27 - Test step Failed: 
2020-04-27 18:37:37 INFO  Testengine:144 - 
****** Finishing test:test1******

2020-04-27 18:37:38 INFO  Testengine:132 - 
****** starting test:test2******

2020-04-27 18:37:38 INFO  Testengine:132 - 
****** starting test:test2******

2020-04-27 18:37:38 INFO  Testengine:136 - Browser Launched at Mon Apr 27 18:37:38 IST 2020
2020-04-27 18:37:38 INFO  Testengine:136 - Browser Launched at Mon Apr 27 18:37:38 IST 2020
2020-04-27 18:37:38 INFO  Testengine:132 - 
****** starting test:test2******

2020-04-27 18:37:38 INFO  Testengine:14 - Test started successfully for the method: 
2020-04-27 18:37:38 INFO  Testengine:14 - Test started successfully for the method: 
2020-04-27 18:37:38 INFO  Testengine:136 - Browser Launched at Mon Apr 27 18:37:38 IST 2020
2020-04-27 18:37:38 INFO  Testengine:14 - Test started successfully for the method: 
2020-04-27 18:38:02 INFO  Testengine:74 - *******************************************
Initiating Logger.... 
******************************************* 

2020-04-27 18:38:02 INFO  Testengine:77 - *******************************************
Reading Config File.... 
******************************************* 

2020-04-27 18:38:02 INFO  Testengine:88 - Properties file loaded successfully:
2020-04-27 18:38:02 INFO  Testengine:97 - *******************************************
 Setting Up Excel Sheet.... 
******************************************* 

2020-04-27 18:38:02 INFO  Testengine:105 - Setting up Test Summary
2020-04-27 18:38:02 INFO  Testengine:113 - Getting the WebDriver Instances for the firefox browser
2020-04-27 18:38:02 INFO  Testengine:17 - Initiating Browser Driver
2020-04-27 18:38:02 INFO  Testengine:32 - Initiating Firefox Browser Driver
2020-04-27 18:38:23 INFO  Testengine:132 - 
****** starting test:test1******

2020-04-27 18:38:23 INFO  Testengine:136 - Browser Launched at Mon Apr 27 18:38:23 IST 2020
2020-04-27 18:38:23 INFO  Testengine:14 - Test started successfully for the method: 
2020-04-27 18:38:24 INFO  Testengine:47 - test1 : Description Entered as Developer
2020-04-27 18:38:24 INFO  Testengine:144 - 
****** Finishing test:test1******

2020-04-27 18:38:24 INFO  Testengine:132 - 
****** starting test:test2******

2020-04-27 18:38:24 INFO  Testengine:136 - Browser Launched at Mon Apr 27 18:38:24 IST 2020
2020-04-27 18:38:24 INFO  Testengine:14 - Test started successfully for the method: 
2020-04-27 18:38:25 INFO  Testengine:62 - test2 : Country selected as India
2020-04-27 18:38:25 FATAL Testengine:66 - Unable to find the country India in the dropdownlist
2020-04-27 18:38:25 FATAL Testengine:27 - Test step Failed: 
2020-04-27 18:38:25 INFO  Testengine:144 - 
****** Finishing test:test2******

2020-04-27 18:38:25 INFO  Testengine:132 - 
****** starting test:test3******

2020-04-27 18:38:25 INFO  Testengine:136 - Browser Launched at Mon Apr 27 18:38:25 IST 2020
2020-04-27 18:38:25 INFO  Testengine:14 - Test started successfully for the method: 
2020-04-27 18:38:26 INFO  Testengine:84 - test3 : Country selected as Karnataka
2020-04-27 18:38:26 INFO  Testengine:56 - 
2020-04-27 18:38:26 INFO  Testengine:144 - 
****** Finishing test:test3******

2020-04-27 18:38:26 INFO  Testengine:132 - 
****** starting test:test4******

2020-04-27 18:38:26 INFO  Testengine:136 - Browser Launched at Mon Apr 27 18:38:26 IST 2020
2020-04-27 18:38:26 INFO  Testengine:14 - Test started successfully for the method: 
2020-04-27 18:38:27 INFO  Testengine:106 - test4 : Country selected as Bengaluru
2020-04-27 18:38:27 FATAL Testengine:110 - Unable to find the country Bengaluru in the dropdownlist
2020-04-27 18:38:27 FATAL Testengine:27 - Test step Failed: 
2020-04-27 18:38:27 INFO  Testengine:144 - 
****** Finishing test:test4******

2020-04-27 18:38:27 INFO  Testengine:132 - 
****** starting test:test5******

2020-04-27 18:38:27 INFO  Testengine:136 - Browser Launched at Mon Apr 27 18:38:27 IST 2020
2020-04-27 18:38:27 INFO  Testengine:14 - Test started successfully for the method: 
2020-04-27 18:38:29 INFO  Testengine:123 - test5 : Clicked on Search button:
2020-04-27 18:38:29 INFO  Testengine:144 - 
****** Finishing test:test5******

2020-04-27 18:38:29 INFO  Testengine:132 - 
****** starting test:test6******

2020-04-27 18:38:29 INFO  Testengine:136 - Browser Launched at Mon Apr 27 18:38:29 IST 2020
2020-04-27 18:38:29 INFO  Testengine:14 - Test started successfully for the method: 
2020-04-27 18:38:29 FATAL Testengine:27 - Test step Failed: 
2020-04-27 18:38:29 INFO  Testengine:144 - 
****** Finishing test:test6******

2020-04-27 18:38:29 INFO  Testengine:132 - 
****** starting test:testa1******

2020-04-27 18:38:29 INFO  Testengine:136 - Browser Launched at Mon Apr 27 18:38:29 IST 2020
2020-04-27 18:38:29 INFO  Testengine:14 - Test started successfully for the method: 
2020-04-27 18:38:30 INFO  Testengine:47 - testa1 : Description Entered as Developer
2020-04-27 18:38:30 FATAL Testengine:27 - Test step Failed: 
2020-04-27 18:38:30 INFO  Testengine:144 - 
****** Finishing test:testa1******

2020-04-27 18:38:30 INFO  Testengine:132 - 
****** starting test:test7******

2020-04-27 18:38:30 INFO  Testengine:136 - Browser Launched at Mon Apr 27 18:38:30 IST 2020
2020-04-27 18:38:30 INFO  Testengine:14 - Test started successfully for the method: 
2020-04-27 18:38:30 INFO  Testengine:58 - SaveforLater_Button is displaying in the screen
2020-04-27 18:38:32 FATAL Testengine:86 - org.openqa.selenium.WebDriverException: Failed to convert data to an object
Build info: version: '3.141.59', revision: 'e82be7d358', time: '2018-11-14T08:17:03'
System info: host: 'DESKTOP-J6NT3H3', ip: '192.168.0.8', os.name: 'Windows 10', os.arch: 'amd64', os.version: '10.0', java.version: '1.8.0_242'
Driver info: org.openqa.selenium.firefox.FirefoxDriver
Capabilities {acceptInsecureCerts: true, browserName: firefox, browserVersion: 75.0, javascriptEnabled: true, moz:accessibilityChecks: false, moz:buildID: 20200403170909, moz:geckodriverVersion: 0.26.0, moz:headless: false, moz:processID: 9912, moz:profile: C:\Users\karth\AppData\Loca..., moz:shutdownTimeout: 60000, moz:useNonSpecCompliantPointerOrigin: false, moz:webdriverClick: true, pageLoadStrategy: normal, platform: WINDOWS, platformName: WINDOWS, platformVersion: 10.0, rotatable: false, setWindowRect: true, strictFileInteractability: false, timeouts: {implicit: 0, pageLoad: 300000, script: 30000}, unhandledPromptBehavior: dismiss and notify}
Session ID: a2833449-77eb-4735-9b71-5838de4905d9
*** Element info: {Using=xpath, value=//h1[contains(text(),'Sr. Ab Initio Developer / Technical Lead (Apps Systems Engineer 5)')]}
2020-04-27 18:38:32 INFO  Testengine:144 - 
****** Finishing test:test7******

2020-04-27 18:38:33 INFO  Testengine:132 - 
****** starting test:test8******

2020-04-27 18:38:33 INFO  Testengine:136 - Browser Launched at Mon Apr 27 18:38:33 IST 2020
2020-04-27 18:38:33 INFO  Testengine:14 - Test started successfully for the method: 
2020-04-27 18:38:52 INFO  Testengine:74 - *******************************************
Initiating Logger.... 
******************************************* 

2020-04-27 18:38:52 INFO  Testengine:77 - *******************************************
Reading Config File.... 
******************************************* 

2020-04-27 18:38:52 INFO  Testengine:88 - Properties file loaded successfully:
2020-04-27 18:38:52 INFO  Testengine:97 - *******************************************
 Setting Up Excel Sheet.... 
******************************************* 

2020-04-27 18:38:52 INFO  Testengine:105 - Setting up Test Summary
2020-04-27 18:38:52 INFO  Testengine:113 - Getting the WebDriver Instances for the firefox browser
2020-04-27 18:38:52 INFO  Testengine:17 - Initiating Browser Driver
2020-04-27 18:38:52 INFO  Testengine:32 - Initiating Firefox Browser Driver
2020-04-27 18:39:09 INFO  Testengine:132 - 
****** starting test:test1******

2020-04-27 18:39:09 INFO  Testengine:136 - Browser Launched at Mon Apr 27 18:39:09 IST 2020
2020-04-27 18:39:09 INFO  Testengine:14 - Test started successfully for the method: 
2020-04-27 18:39:10 INFO  Testengine:47 - test1 : Description Entered as Developer
2020-04-27 18:39:10 INFO  Testengine:144 - 
****** Finishing test:test1******

2020-04-27 18:39:10 INFO  Testengine:132 - 
****** starting test:test2******

2020-04-27 18:39:10 INFO  Testengine:136 - Browser Launched at Mon Apr 27 18:39:10 IST 2020
2020-04-27 18:39:10 INFO  Testengine:14 - Test started successfully for the method: 
2020-04-27 18:39:11 INFO  Testengine:62 - test2 : Country selected as India
2020-04-27 18:39:11 FATAL Testengine:66 - Unable to find the country India in the dropdownlist
2020-04-27 18:39:11 FATAL Testengine:27 - Test step Failed: 
2020-04-27 18:39:11 INFO  Testengine:144 - 
****** Finishing test:test2******

2020-04-27 18:39:11 INFO  Testengine:132 - 
****** starting test:test3******

2020-04-27 18:39:11 INFO  Testengine:136 - Browser Launched at Mon Apr 27 18:39:11 IST 2020
2020-04-27 18:39:11 INFO  Testengine:14 - Test started successfully for the method: 
2020-04-27 18:39:12 INFO  Testengine:84 - test3 : Country selected as Karnataka
2020-04-27 18:39:12 INFO  Testengine:56 - 
2020-04-27 18:39:12 INFO  Testengine:144 - 
****** Finishing test:test3******

2020-04-27 18:39:12 INFO  Testengine:132 - 
****** starting test:test4******

2020-04-27 18:39:12 INFO  Testengine:136 - Browser Launched at Mon Apr 27 18:39:12 IST 2020
2020-04-27 18:39:12 INFO  Testengine:14 - Test started successfully for the method: 
2020-04-27 18:39:12 INFO  Testengine:106 - test4 : Country selected as Bengaluru
2020-04-27 18:39:12 INFO  Testengine:64 - 
2020-04-27 18:39:12 INFO  Testengine:144 - 
****** Finishing test:test4******

2020-04-27 18:39:13 INFO  Testengine:132 - 
****** starting test:test5******

2020-04-27 18:39:13 INFO  Testengine:136 - Browser Launched at Mon Apr 27 18:39:13 IST 2020
2020-04-27 18:39:13 INFO  Testengine:14 - Test started successfully for the method: 
2020-04-27 18:39:16 INFO  Testengine:123 - test5 : Clicked on Search button:
2020-04-27 18:39:16 INFO  Testengine:144 - 
****** Finishing test:test5******

2020-04-27 18:39:16 INFO  Testengine:132 - 
****** starting test:test6******

2020-04-27 18:39:16 INFO  Testengine:136 - Browser Launched at Mon Apr 27 18:39:16 IST 2020
2020-04-27 18:39:16 INFO  Testengine:14 - Test started successfully for the method: 
2020-04-27 18:39:16 FATAL Testengine:27 - Test step Failed: 
2020-04-27 18:39:16 INFO  Testengine:144 - 
****** Finishing test:test6******

2020-04-27 18:39:16 INFO  Testengine:132 - 
****** starting test:testa1******

2020-04-27 18:39:16 INFO  Testengine:136 - Browser Launched at Mon Apr 27 18:39:16 IST 2020
2020-04-27 18:39:16 INFO  Testengine:14 - Test started successfully for the method: 
2020-04-27 18:39:16 INFO  Testengine:47 - testa1 : Description Entered as Developer
2020-04-27 18:39:16 FATAL Testengine:27 - Test step Failed: 
2020-04-27 18:39:16 INFO  Testengine:144 - 
****** Finishing test:testa1******

2020-04-27 18:39:16 INFO  Testengine:132 - 
****** starting test:test7******

2020-04-27 18:39:16 INFO  Testengine:136 - Browser Launched at Mon Apr 27 18:39:16 IST 2020
2020-04-27 18:39:16 INFO  Testengine:14 - Test started successfully for the method: 
2020-04-27 18:39:16 INFO  Testengine:58 - SaveforLater_Button is displaying in the screen
2020-04-27 18:39:26 FATAL Testengine:86 - org.openqa.selenium.NoSuchElementException: Unable to locate element: //h1[contains(text(),'Sr. Ab Initio Developer / Technical Lead (Apps Systems Engineer 5)')]
For documentation on this error, please visit: https://www.seleniumhq.org/exceptions/no_such_element.html
Build info: version: '3.141.59', revision: 'e82be7d358', time: '2018-11-14T08:17:03'
System info: host: 'DESKTOP-J6NT3H3', ip: '192.168.0.8', os.name: 'Windows 10', os.arch: 'amd64', os.version: '10.0', java.version: '1.8.0_242'
Driver info: org.openqa.selenium.firefox.FirefoxDriver
Capabilities {acceptInsecureCerts: true, browserName: firefox, browserVersion: 75.0, javascriptEnabled: true, moz:accessibilityChecks: false, moz:buildID: 20200403170909, moz:geckodriverVersion: 0.26.0, moz:headless: false, moz:processID: 25572, moz:profile: C:\Users\karth\AppData\Loca..., moz:shutdownTimeout: 60000, moz:useNonSpecCompliantPointerOrigin: false, moz:webdriverClick: true, pageLoadStrategy: normal, platform: WINDOWS, platformName: WINDOWS, platformVersion: 10.0, rotatable: false, setWindowRect: true, strictFileInteractability: false, timeouts: {implicit: 0, pageLoad: 300000, script: 30000}, unhandledPromptBehavior: dismiss and notify}
Session ID: 558f6609-11c1-4c55-bc68-e3e4f3df5b83
*** Element info: {Using=xpath, value=//h1[contains(text(),'Sr. Ab Initio Developer / Technical Lead (Apps Systems Engineer 5)')]}
2020-04-27 18:39:26 INFO  Testengine:144 - 
****** Finishing test:test7******

2020-04-27 18:39:26 INFO  Testengine:132 - 
****** starting test:test8******

2020-04-27 18:39:26 INFO  Testengine:136 - Browser Launched at Mon Apr 27 18:39:26 IST 2020
2020-04-27 18:39:26 INFO  Testengine:14 - Test started successfully for the method: 
2020-04-27 18:39:27 INFO  Testengine:95 - Page scrolled
2020-04-27 18:39:37 INFO  Testengine:144 - 
****** Finishing test:test8******

2020-04-27 18:39:37 INFO  Testengine:132 - 
****** starting test:test9******

2020-04-27 18:39:37 INFO  Testengine:136 - Browser Launched at Mon Apr 27 18:39:37 IST 2020
2020-04-27 18:39:37 INFO  Testengine:14 - Test started successfully for the method: 
2020-04-27 18:39:37 FATAL Testengine:27 - Test step Failed: 
2020-04-27 18:39:37 INFO  Testengine:144 - 
****** Finishing test:test9******

2020-04-27 18:39:37 INFO  Testengine:132 - 
****** starting test:test10******

2020-04-27 18:39:37 INFO  Testengine:136 - Browser Launched at Mon Apr 27 18:39:37 IST 2020
2020-04-27 18:39:37 INFO  Testengine:14 - Test started successfully for the method: 
2020-04-27 18:39:53 FATAL Testengine:27 - Test step Failed: 
2020-04-27 18:39:53 INFO  Testengine:144 - 
****** Finishing test:test10******

2020-04-27 18:40:29 INFO  Testengine:74 - *******************************************
Initiating Logger.... 
******************************************* 

2020-04-27 18:40:29 INFO  Testengine:77 - *******************************************
Reading Config File.... 
******************************************* 

2020-04-27 18:40:29 INFO  Testengine:88 - Properties file loaded successfully:
2020-04-27 18:40:29 INFO  Testengine:97 - *******************************************
 Setting Up Excel Sheet.... 
******************************************* 

2020-04-27 18:40:29 INFO  Testengine:105 - Setting up Test Summary
2020-04-27 18:40:29 INFO  Testengine:113 - Getting the WebDriver Instances for the firefox browser
2020-04-27 18:40:29 INFO  Testengine:17 - Initiating Browser Driver
2020-04-27 18:40:29 INFO  Testengine:32 - Initiating Firefox Browser Driver
2020-04-27 18:40:47 INFO  Testengine:132 - 
****** starting test:test1******

2020-04-27 18:40:47 INFO  Testengine:136 - Browser Launched at Mon Apr 27 18:40:47 IST 2020
2020-04-27 18:40:47 INFO  Testengine:14 - Test started successfully for the method: 
2020-04-27 18:40:47 INFO  Testengine:47 - test1 : Description Entered as Developer
2020-04-27 18:40:47 INFO  Testengine:144 - 
****** Finishing test:test1******

2020-04-27 18:40:47 INFO  Testengine:132 - 
****** starting test:test2******

2020-04-27 18:40:47 INFO  Testengine:136 - Browser Launched at Mon Apr 27 18:40:47 IST 2020
2020-04-27 18:40:47 INFO  Testengine:14 - Test started successfully for the method: 
2020-04-27 18:40:48 INFO  Testengine:62 - test2 : Country selected as India
2020-04-27 18:40:48 FATAL Testengine:66 - Unable to find the country India in the dropdownlist
2020-04-27 18:40:48 FATAL Testengine:27 - Test step Failed: 
2020-04-27 18:40:48 INFO  Testengine:144 - 
****** Finishing test:test2******

2020-04-27 18:40:48 INFO  Testengine:132 - 
****** starting test:test3******

2020-04-27 18:40:48 INFO  Testengine:136 - Browser Launched at Mon Apr 27 18:40:48 IST 2020
2020-04-27 18:40:48 INFO  Testengine:14 - Test started successfully for the method: 
2020-04-27 18:40:49 INFO  Testengine:84 - test3 : Country selected as Karnataka
2020-04-27 18:40:49 INFO  Testengine:56 - 
2020-04-27 18:40:49 INFO  Testengine:144 - 
****** Finishing test:test3******

2020-04-27 18:40:49 INFO  Testengine:132 - 
****** starting test:test4******

2020-04-27 18:40:49 INFO  Testengine:136 - Browser Launched at Mon Apr 27 18:40:49 IST 2020
2020-04-27 18:40:49 INFO  Testengine:14 - Test started successfully for the method: 
2020-04-27 18:40:50 INFO  Testengine:106 - test4 : Country selected as Bengaluru
2020-04-27 18:40:50 INFO  Testengine:64 - 
2020-04-27 18:40:50 INFO  Testengine:144 - 
****** Finishing test:test4******

2020-04-27 18:40:50 INFO  Testengine:132 - 
****** starting test:test5******

2020-04-27 18:40:50 INFO  Testengine:136 - Browser Launched at Mon Apr 27 18:40:50 IST 2020
2020-04-27 18:40:50 INFO  Testengine:14 - Test started successfully for the method: 
2020-04-27 18:40:52 INFO  Testengine:123 - test5 : Clicked on Search button:
2020-04-27 18:40:52 INFO  Testengine:144 - 
****** Finishing test:test5******

2020-04-27 18:40:52 INFO  Testengine:132 - 
****** starting test:test6******

2020-04-27 18:40:52 INFO  Testengine:136 - Browser Launched at Mon Apr 27 18:40:52 IST 2020
2020-04-27 18:40:52 INFO  Testengine:14 - Test started successfully for the method: 
2020-04-27 18:40:52 FATAL Testengine:27 - Test step Failed: 
2020-04-27 18:40:52 INFO  Testengine:144 - 
****** Finishing test:test6******

2020-04-27 18:40:52 INFO  Testengine:132 - 
****** starting test:testa1******

2020-04-27 18:40:52 INFO  Testengine:136 - Browser Launched at Mon Apr 27 18:40:52 IST 2020
2020-04-27 18:40:52 INFO  Testengine:14 - Test started successfully for the method: 
2020-04-27 18:40:52 INFO  Testengine:47 - testa1 : Description Entered as Developer
2020-04-27 18:40:53 FATAL Testengine:27 - Test step Failed: 
2020-04-27 18:40:53 INFO  Testengine:144 - 
****** Finishing test:testa1******

2020-04-27 18:40:53 INFO  Testengine:132 - 
****** starting test:test7******

2020-04-27 18:40:53 INFO  Testengine:136 - Browser Launched at Mon Apr 27 18:40:53 IST 2020
2020-04-27 18:40:53 INFO  Testengine:14 - Test started successfully for the method: 
2020-04-27 18:40:53 INFO  Testengine:58 - SaveforLater_Button is displaying in the screen
2020-04-27 18:41:03 FATAL Testengine:86 - org.openqa.selenium.NoSuchElementException: Unable to locate element: //h1[contains(text(),'Sr. Ab Initio Developer / Technical Lead (Apps Systems Engineer 5)')]
For documentation on this error, please visit: https://www.seleniumhq.org/exceptions/no_such_element.html
Build info: version: '3.141.59', revision: 'e82be7d358', time: '2018-11-14T08:17:03'
System info: host: 'DESKTOP-J6NT3H3', ip: '192.168.0.8', os.name: 'Windows 10', os.arch: 'amd64', os.version: '10.0', java.version: '1.8.0_242'
Driver info: org.openqa.selenium.firefox.FirefoxDriver
Capabilities {acceptInsecureCerts: true, browserName: firefox, browserVersion: 75.0, javascriptEnabled: true, moz:accessibilityChecks: false, moz:buildID: 20200403170909, moz:geckodriverVersion: 0.26.0, moz:headless: false, moz:processID: 21848, moz:profile: C:\Users\karth\AppData\Loca..., moz:shutdownTimeout: 60000, moz:useNonSpecCompliantPointerOrigin: false, moz:webdriverClick: true, pageLoadStrategy: normal, platform: WINDOWS, platformName: WINDOWS, platformVersion: 10.0, rotatable: false, setWindowRect: true, strictFileInteractability: false, timeouts: {implicit: 0, pageLoad: 300000, script: 30000}, unhandledPromptBehavior: dismiss and notify}
Session ID: dc64e917-72c8-484e-a6ad-bf2960209546
*** Element info: {Using=xpath, value=//h1[contains(text(),'Sr. Ab Initio Developer / Technical Lead (Apps Systems Engineer 5)')]}
2020-04-27 18:41:03 INFO  Testengine:144 - 
****** Finishing test:test7******

2020-04-27 18:41:03 INFO  Testengine:132 - 
****** starting test:test8******

2020-04-27 18:41:03 INFO  Testengine:136 - Browser Launched at Mon Apr 27 18:41:03 IST 2020
2020-04-27 18:41:03 INFO  Testengine:14 - Test started successfully for the method: 
2020-04-27 18:41:03 INFO  Testengine:95 - Page scrolled
2020-04-27 18:41:13 INFO  Testengine:144 - 
****** Finishing test:test8******

2020-04-27 18:41:13 INFO  Testengine:132 - 
****** starting test:test9******

2020-04-27 18:41:13 INFO  Testengine:136 - Browser Launched at Mon Apr 27 18:41:13 IST 2020
2020-04-27 18:41:13 INFO  Testengine:14 - Test started successfully for the method: 
2020-04-27 18:41:14 FATAL Testengine:27 - Test step Failed: 
2020-04-27 18:41:14 INFO  Testengine:144 - 
****** Finishing test:test9******

2020-04-27 18:41:14 INFO  Testengine:132 - 
****** starting test:test10******

2020-04-27 18:41:14 INFO  Testengine:136 - Browser Launched at Mon Apr 27 18:41:14 IST 2020
2020-04-27 18:41:14 INFO  Testengine:14 - Test started successfully for the method: 
2020-04-27 18:41:55 FATAL Testengine:27 - Test step Failed: 
2020-04-27 18:41:55 INFO  Testengine:144 - 
****** Finishing test:test10******

2020-04-27 18:42:12 INFO  Testengine:74 - *******************************************
Initiating Logger.... 
******************************************* 

2020-04-27 18:42:12 INFO  Testengine:77 - *******************************************
Reading Config File.... 
******************************************* 

2020-04-27 18:42:12 INFO  Testengine:88 - Properties file loaded successfully:
2020-04-27 18:42:12 INFO  Testengine:97 - *******************************************
 Setting Up Excel Sheet.... 
******************************************* 

2020-04-27 18:42:12 INFO  Testengine:105 - Setting up Test Summary
2020-04-27 18:42:12 INFO  Testengine:113 - Getting the WebDriver Instances for the firefox browser
2020-04-27 18:42:12 INFO  Testengine:17 - Initiating Browser Driver
2020-04-27 18:42:12 INFO  Testengine:32 - Initiating Firefox Browser Driver
2020-04-27 18:42:29 INFO  Testengine:132 - 
****** starting test:test1******

2020-04-27 18:42:29 INFO  Testengine:136 - Browser Launched at Mon Apr 27 18:42:29 IST 2020
2020-04-27 18:42:29 INFO  Testengine:14 - Test started successfully for the method: 
2020-04-27 18:42:29 INFO  Testengine:47 - test1 : Description Entered as Developer
2020-04-27 18:42:29 INFO  Testengine:144 - 
****** Finishing test:test1******

2020-04-27 18:42:30 INFO  Testengine:132 - 
****** starting test:test2******

2020-04-27 18:42:30 INFO  Testengine:136 - Browser Launched at Mon Apr 27 18:42:30 IST 2020
2020-04-27 18:42:30 INFO  Testengine:14 - Test started successfully for the method: 
2020-04-27 18:42:31 INFO  Testengine:62 - test2 : Country selected as India
2020-04-27 18:42:31 FATAL Testengine:66 - Unable to find the country India in the dropdownlist
2020-04-27 18:42:31 FATAL Testengine:27 - Test step Failed: 
2020-04-27 18:42:31 INFO  Testengine:144 - 
****** Finishing test:test2******

2020-04-27 18:42:31 INFO  Testengine:132 - 
****** starting test:test3******

2020-04-27 18:42:31 INFO  Testengine:136 - Browser Launched at Mon Apr 27 18:42:31 IST 2020
2020-04-27 18:42:31 INFO  Testengine:14 - Test started successfully for the method: 
2020-04-27 18:42:31 INFO  Testengine:84 - test3 : Country selected as Karnataka
2020-04-27 18:42:31 INFO  Testengine:56 - 
2020-04-27 18:42:31 INFO  Testengine:144 - 
****** Finishing test:test3******

2020-04-27 18:42:32 INFO  Testengine:132 - 
****** starting test:test4******

2020-04-27 18:42:32 INFO  Testengine:136 - Browser Launched at Mon Apr 27 18:42:32 IST 2020
2020-04-27 18:42:32 INFO  Testengine:14 - Test started successfully for the method: 
2020-04-27 18:42:32 INFO  Testengine:106 - test4 : Country selected as Bengaluru
2020-04-27 18:42:32 INFO  Testengine:64 - 
2020-04-27 18:42:32 INFO  Testengine:144 - 
****** Finishing test:test4******

2020-04-27 18:42:32 INFO  Testengine:132 - 
****** starting test:test5******

2020-04-27 18:42:32 INFO  Testengine:136 - Browser Launched at Mon Apr 27 18:42:32 IST 2020
2020-04-27 18:42:32 INFO  Testengine:14 - Test started successfully for the method: 
2020-04-27 18:42:36 INFO  Testengine:123 - test5 : Clicked on Search button:
2020-04-27 18:42:36 INFO  Testengine:144 - 
****** Finishing test:test5******

2020-04-27 18:42:36 INFO  Testengine:132 - 
****** starting test:test6******

2020-04-27 18:42:36 INFO  Testengine:136 - Browser Launched at Mon Apr 27 18:42:36 IST 2020
2020-04-27 18:42:36 INFO  Testengine:14 - Test started successfully for the method: 
2020-04-27 18:42:36 FATAL Testengine:27 - Test step Failed: 
2020-04-27 18:42:36 INFO  Testengine:144 - 
****** Finishing test:test6******

2020-04-27 18:42:36 INFO  Testengine:132 - 
****** starting test:testa1******

2020-04-27 18:42:36 INFO  Testengine:136 - Browser Launched at Mon Apr 27 18:42:36 IST 2020
2020-04-27 18:42:36 INFO  Testengine:14 - Test started successfully for the method: 
2020-04-27 18:42:36 INFO  Testengine:47 - testa1 : Description Entered as Developer
2020-04-27 18:42:36 FATAL Testengine:27 - Test step Failed: 
2020-04-27 18:42:36 INFO  Testengine:144 - 
****** Finishing test:testa1******

2020-04-27 18:42:36 INFO  Testengine:132 - 
****** starting test:test7******

2020-04-27 18:42:36 INFO  Testengine:136 - Browser Launched at Mon Apr 27 18:42:36 IST 2020
2020-04-27 18:42:36 INFO  Testengine:14 - Test started successfully for the method: 
2020-04-27 18:42:36 INFO  Testengine:58 - SaveforLater_Button is displaying in the screen
2020-04-27 18:44:08 INFO  Testengine:74 - *******************************************
Initiating Logger.... 
******************************************* 

2020-04-27 18:44:08 INFO  Testengine:77 - *******************************************
Reading Config File.... 
******************************************* 

2020-04-27 18:44:08 INFO  Testengine:88 - Properties file loaded successfully:
2020-04-27 18:44:08 INFO  Testengine:97 - *******************************************
 Setting Up Excel Sheet.... 
******************************************* 

2020-04-27 18:44:08 INFO  Testengine:105 - Setting up Test Summary
2020-04-27 18:44:08 INFO  Testengine:113 - Getting the WebDriver Instances for the firefox browser
2020-04-27 18:44:08 INFO  Testengine:17 - Initiating Browser Driver
2020-04-27 18:44:08 INFO  Testengine:32 - Initiating Firefox Browser Driver
2020-04-27 18:44:22 INFO  Testengine:14 - Test started successfully for the method: 
2020-04-27 18:44:22 INFO  Testengine:14 - Test started successfully for the method: 
2020-04-27 18:44:22 INFO  Testengine:14 - Test started successfully for the method: 
2020-04-27 18:44:22 INFO  Testengine:14 - Test started successfully for the method: 
2020-04-27 18:44:22 INFO  Testengine:14 - Test started successfully for the method: 
2020-04-27 18:44:22 INFO  Testengine:14 - Test started successfully for the method: 
2020-04-27 18:44:22 INFO  Testengine:14 - Test started successfully for the method: 
2020-04-27 18:44:22 INFO  Testengine:14 - Test started successfully for the method: 
2020-04-27 18:44:22 INFO  Testengine:14 - Test started successfully for the method: 
2020-04-27 18:44:22 INFO  Testengine:14 - Test started successfully for the method: 
2020-04-27 18:44:22 INFO  Testengine:14 - Test started successfully for the method: 
2020-04-27 18:45:35 INFO  Testengine:74 - *******************************************
Initiating Logger.... 
******************************************* 

2020-04-27 18:45:35 INFO  Testengine:77 - *******************************************
Reading Config File.... 
******************************************* 

2020-04-27 18:45:35 INFO  Testengine:88 - Properties file loaded successfully:
2020-04-27 18:45:35 INFO  Testengine:97 - *******************************************
 Setting Up Excel Sheet.... 
******************************************* 

2020-04-27 18:45:35 INFO  Testengine:105 - Setting up Test Summary
2020-04-27 18:45:35 INFO  Testengine:105 - Setting up Test Summary
2020-04-27 18:45:35 INFO  Testengine:105 - Setting up Test Summary
2020-04-27 18:45:35 INFO  Testengine:113 - Getting the WebDriver Instances for the chrome browser
2020-04-27 18:45:35 INFO  Testengine:17 - Initiating Browser Driver
2020-04-27 18:45:35 INFO  Testengine:19 - Initiating Chrome Browser Driver
2020-04-27 18:45:36 INFO  Testengine:113 - Getting the WebDriver Instances for the chrome browser
2020-04-27 18:45:36 INFO  Testengine:17 - Initiating Browser Driver
2020-04-27 18:45:36 INFO  Testengine:19 - Initiating Chrome Browser Driver
2020-04-27 18:45:36 INFO  Testengine:113 - Getting the WebDriver Instances for the chrome browser
2020-04-27 18:45:36 INFO  Testengine:17 - Initiating Browser Driver
2020-04-27 18:45:36 INFO  Testengine:19 - Initiating Chrome Browser Driver
2020-04-27 18:45:42 FATAL Testengine:123 - Failed to open the website
org.openqa.selenium.WebDriverException: unknown error: cannot determine loading status
from disconnected: received Inspector.detached event
  (Session info: chrome=81.0.4044.122)
Build info: version: '3.141.59', revision: 'e82be7d358', time: '2018-11-14T08:17:03'
System info: host: 'DESKTOP-J6NT3H3', ip: '192.168.0.8', os.name: 'Windows 10', os.arch: 'amd64', os.version: '10.0', java.version: '1.8.0_242'
Driver info: org.openqa.selenium.chrome.ChromeDriver
Capabilities {acceptInsecureCerts: false, browserName: chrome, browserVersion: 81.0.4044.122, chrome: {chromedriverVersion: 81.0.4044.69 (6813546031a4b..., userDataDir: C:\Users\karth\AppData\Loca...}, goog:chromeOptions: {debuggerAddress: localhost:54233}, javascriptEnabled: true, networkConnectionEnabled: false, pageLoadStrategy: normal, platform: WINDOWS, platformName: WINDOWS, proxy: Proxy(), setWindowRect: true, strictFileInteractability: false, timeouts: {implicit: 0, pageLoad: 300000, script: 30000}, unhandledPromptBehavior: dismiss and notify, webauthn:virtualAuthenticators: true}
Session ID: c18df4a34d471f84319dee9f7d2885a4
	at sun.reflect.NativeConstructorAccessorImpl.newInstance0(Native Method)
	at sun.reflect.NativeConstructorAccessorImpl.newInstance(NativeConstructorAccessorImpl.java:62)
	at sun.reflect.DelegatingConstructorAccessorImpl.newInstance(DelegatingConstructorAccessorImpl.java:45)
	at java.lang.reflect.Constructor.newInstance(Constructor.java:423)
	at org.openqa.selenium.remote.http.W3CHttpResponseCodec.createException(W3CHttpResponseCodec.java:187)
	at org.openqa.selenium.remote.http.W3CHttpResponseCodec.decode(W3CHttpResponseCodec.java:122)
	at org.openqa.selenium.remote.http.W3CHttpResponseCodec.decode(W3CHttpResponseCodec.java:49)
	at org.openqa.selenium.remote.HttpCommandExecutor.execute(HttpCommandExecutor.java:158)
	at org.openqa.selenium.remote.service.DriverCommandExecutor.execute(DriverCommandExecutor.java:83)
	at org.openqa.selenium.remote.RemoteWebDriver.execute(RemoteWebDriver.java:552)
	at org.openqa.selenium.remote.RemoteWebDriver.get(RemoteWebDriver.java:277)
	at com.wellsfargo.base.Testengine.setUp_Test(Testengine.java:121)
	at sun.reflect.NativeMethodAccessorImpl.invoke0(Native Method)
	at sun.reflect.NativeMethodAccessorImpl.invoke(NativeMethodAccessorImpl.java:62)
	at sun.reflect.DelegatingMethodAccessorImpl.invoke(DelegatingMethodAccessorImpl.java:43)
	at java.lang.reflect.Method.invoke(Method.java:498)
	at org.testng.internal.MethodInvocationHelper.invokeMethod(MethodInvocationHelper.java:133)
	at org.testng.internal.MethodInvocationHelper.invokeMethodConsideringTimeout(MethodInvocationHelper.java:62)
	at org.testng.internal.ConfigInvoker.invokeConfigurationMethod(ConfigInvoker.java:340)
	at org.testng.internal.ConfigInvoker.invokeConfigurations(ConfigInvoker.java:294)
	at org.testng.TestRunner.invokeTestConfigurations(TestRunner.java:623)
	at org.testng.TestRunner.beforeRun(TestRunner.java:613)
	at org.testng.TestRunner.run(TestRunner.java:584)
	at org.testng.SuiteRunner.runTest(SuiteRunner.java:402)
	at org.testng.SuiteRunner.access$000(SuiteRunner.java:41)
	at org.testng.SuiteRunner$SuiteWorker.run(SuiteRunner.java:443)
	at org.testng.internal.thread.ThreadUtil.lambda$execute$0(ThreadUtil.java:67)
	at java.util.concurrent.FutureTask.run(FutureTask.java:266)
	at java.util.concurrent.ThreadPoolExecutor.runWorker(ThreadPoolExecutor.java:1149)
	at java.util.concurrent.ThreadPoolExecutor$Worker.run(ThreadPoolExecutor.java:624)
	at java.lang.Thread.run(Thread.java:748)
2020-04-27 18:46:13 INFO  Testengine:74 - *******************************************
Initiating Logger.... 
******************************************* 

2020-04-27 18:46:13 INFO  Testengine:77 - *******************************************
Reading Config File.... 
******************************************* 

2020-04-27 18:46:13 INFO  Testengine:88 - Properties file loaded successfully:
2020-04-27 18:46:13 INFO  Testengine:97 - *******************************************
 Setting Up Excel Sheet.... 
******************************************* 

2020-04-27 18:46:13 INFO  Testengine:105 - Setting up Test Summary
2020-04-27 18:46:13 INFO  Testengine:113 - Getting the WebDriver Instances for the firefox browser
2020-04-27 18:46:14 INFO  Testengine:17 - Initiating Browser Driver
2020-04-27 18:46:14 INFO  Testengine:32 - Initiating Firefox Browser Driver
2020-04-27 18:46:32 INFO  Testengine:132 - 
****** starting test:test5******

2020-04-27 18:46:32 INFO  Testengine:132 - 
****** starting test:test1******

2020-04-27 18:46:32 INFO  Testengine:132 - 
****** starting test:test5******

2020-04-27 18:46:32 INFO  Testengine:132 - 
****** starting test:test3******

2020-04-27 18:46:32 INFO  Testengine:132 - 
****** starting test:test4******

2020-04-27 18:46:32 INFO  Testengine:136 - Browser Launched at Mon Apr 27 18:46:32 IST 2020
2020-04-27 18:46:32 INFO  Testengine:136 - Browser Launched at Mon Apr 27 18:46:32 IST 2020
2020-04-27 18:46:32 INFO  Testengine:136 - Browser Launched at Mon Apr 27 18:46:32 IST 2020
2020-04-27 18:46:32 INFO  Testengine:136 - Browser Launched at Mon Apr 27 18:46:32 IST 2020
2020-04-27 18:46:32 INFO  Testengine:136 - Browser Launched at Mon Apr 27 18:46:32 IST 2020
2020-04-27 18:46:32 INFO  Testengine:14 - Test started successfully for the method: 
2020-04-27 18:46:32 INFO  Testengine:14 - Test started successfully for the method: 
2020-04-27 18:46:32 INFO  Testengine:14 - Test started successfully for the method: 
2020-04-27 18:46:32 INFO  Testengine:14 - Test started successfully for the method: 
2020-04-27 18:46:32 INFO  Testengine:14 - Test started successfully for the method: 
2020-04-27 18:46:35 INFO  Testengine:123 - test4 : Clicked on Search button:
2020-04-27 18:46:35 INFO  Testengine:144 - 
****** Finishing test:test4******

2020-04-27 18:46:36 FATAL Testengine:27 - Test step Failed: 
2020-04-27 18:46:36 INFO  Testengine:144 - 
****** Finishing test:test4******

2020-04-27 18:46:36 FATAL Testengine:27 - Test step Failed: 
2020-04-27 18:46:36 INFO  Testengine:144 - 
****** Finishing test:test4******

2020-04-27 18:46:36 FATAL Testengine:27 - Test step Failed: 
2020-04-27 18:46:36 INFO  Testengine:144 - 
****** Finishing test:test4******

2020-04-27 18:46:37 INFO  Testengine:132 - 
****** starting test:test6******

2020-04-27 18:46:37 INFO  Testengine:132 - 
****** starting test:testa1******

2020-04-27 18:46:37 INFO  Testengine:132 - 
****** starting test:test7******

2020-04-27 18:46:37 INFO  Testengine:136 - Browser Launched at Mon Apr 27 18:46:37 IST 2020
2020-04-27 18:46:37 INFO  Testengine:136 - Browser Launched at Mon Apr 27 18:46:37 IST 2020
2020-04-27 18:46:37 INFO  Testengine:136 - Browser Launched at Mon Apr 27 18:46:37 IST 2020
2020-04-27 18:46:37 INFO  Testengine:14 - Test started successfully for the method: 
2020-04-27 18:46:37 INFO  Testengine:132 - 
****** starting test:test8******

2020-04-27 18:46:37 INFO  Testengine:136 - Browser Launched at Mon Apr 27 18:46:37 IST 2020
2020-04-27 18:46:37 INFO  Testengine:14 - Test started successfully for the method: 
2020-04-27 18:46:37 INFO  Testengine:14 - Test started successfully for the method: 
2020-04-27 18:46:37 INFO  Testengine:14 - Test started successfully for the method: 
2020-04-27 18:46:37 INFO  Testengine:58 - SaveforLater_Button is displaying in the screen
2020-04-27 18:46:58 INFO  Testengine:74 - *******************************************
Initiating Logger.... 
******************************************* 

2020-04-27 18:46:58 INFO  Testengine:77 - *******************************************
Reading Config File.... 
******************************************* 

2020-04-27 18:46:58 INFO  Testengine:88 - Properties file loaded successfully:
2020-04-27 18:46:58 INFO  Testengine:97 - *******************************************
 Setting Up Excel Sheet.... 
******************************************* 

2020-04-27 18:46:58 INFO  Testengine:105 - Setting up Test Summary
2020-04-27 18:46:58 INFO  Testengine:113 - Getting the WebDriver Instances for the firefox browser
2020-04-27 18:46:58 INFO  Testengine:17 - Initiating Browser Driver
2020-04-27 18:46:58 INFO  Testengine:32 - Initiating Firefox Browser Driver
2020-04-27 18:47:17 INFO  Testengine:132 - 
****** starting test:test4******

2020-04-27 18:47:17 INFO  Testengine:132 - 
****** starting test:test3******

2020-04-27 18:47:17 INFO  Testengine:132 - 
****** starting test:test5******

2020-04-27 18:47:17 INFO  Testengine:132 - 
****** starting test:test2******

2020-04-27 18:47:17 INFO  Testengine:132 - 
****** starting test:test1******

2020-04-27 18:47:17 INFO  Testengine:136 - Browser Launched at Mon Apr 27 18:47:17 IST 2020
2020-04-27 18:47:17 INFO  Testengine:136 - Browser Launched at Mon Apr 27 18:47:17 IST 2020
2020-04-27 18:47:17 INFO  Testengine:136 - Browser Launched at Mon Apr 27 18:47:17 IST 2020
2020-04-27 18:47:17 INFO  Testengine:136 - Browser Launched at Mon Apr 27 18:47:17 IST 2020
2020-04-27 18:47:17 INFO  Testengine:136 - Browser Launched at Mon Apr 27 18:47:17 IST 2020
2020-04-27 18:47:17 INFO  Testengine:14 - Test started successfully for the method: 
2020-04-27 18:47:17 INFO  Testengine:14 - Test started successfully for the method: 
2020-04-27 18:47:17 INFO  Testengine:14 - Test started successfully for the method: 
2020-04-27 18:47:17 INFO  Testengine:14 - Test started successfully for the method: 
2020-04-27 18:47:17 INFO  Testengine:14 - Test started successfully for the method: 
2020-04-27 18:47:17 INFO  Testengine:47 - test3 : Description Entered as Developer
2020-04-27 18:47:20 INFO  Testengine:123 - test3 : Clicked on Search button:
2020-04-27 18:47:21 INFO  Testengine:144 - 
****** Finishing test:test3******

2020-04-27 18:47:21 INFO  Testengine:144 - 
****** Finishing test:test3******

2020-04-27 18:47:21 INFO  Testengine:132 - 
****** starting test:test6******

2020-04-27 18:47:21 INFO  Testengine:136 - Browser Launched at Mon Apr 27 18:47:21 IST 2020
2020-04-27 18:47:21 INFO  Testengine:14 - Test started successfully for the method: 
2020-04-27 18:47:21 INFO  Testengine:132 - 
****** starting test:testa1******

2020-04-27 18:47:21 INFO  Testengine:136 - Browser Launched at Mon Apr 27 18:47:21 IST 2020
2020-04-27 18:47:21 INFO  Testengine:14 - Test started successfully for the method: 
2020-04-27 18:47:22 FATAL Testengine:27 - Test step Failed: 
2020-04-27 18:47:22 INFO  Testengine:144 - 
****** Finishing test:testa1******

2020-04-27 18:47:22 INFO  Testengine:132 - 
****** starting test:test7******

2020-04-27 18:47:22 INFO  Testengine:136 - Browser Launched at Mon Apr 27 18:47:22 IST 2020
2020-04-27 18:47:22 INFO  Testengine:14 - Test started successfully for the method: 
2020-04-27 18:47:22 INFO  Testengine:58 - SaveforLater_Button is displaying in the screen
2020-04-27 18:47:33 FATAL Testengine:110 - Unable to find the country Bengaluru in the dropdownlist
2020-04-27 18:47:33 FATAL Testengine:88 - Unable to find the country Karnataka in the dropdownlist
2020-04-27 18:47:33 FATAL Testengine:86 - org.openqa.selenium.WebDriverException: Failed to convert data to an object
Build info: version: '3.141.59', revision: 'e82be7d358', time: '2018-11-14T08:17:03'
System info: host: 'DESKTOP-J6NT3H3', ip: '192.168.0.8', os.name: 'Windows 10', os.arch: 'amd64', os.version: '10.0', java.version: '1.8.0_242'
Driver info: org.openqa.selenium.firefox.FirefoxDriver
Capabilities {acceptInsecureCerts: true, browserName: firefox, browserVersion: 75.0, javascriptEnabled: true, moz:accessibilityChecks: false, moz:buildID: 20200403170909, moz:geckodriverVersion: 0.26.0, moz:headless: false, moz:processID: 15064, moz:profile: C:\Users\karth\AppData\Loca..., moz:shutdownTimeout: 60000, moz:useNonSpecCompliantPointerOrigin: false, moz:webdriverClick: true, pageLoadStrategy: normal, platform: WINDOWS, platformName: WINDOWS, platformVersion: 10.0, rotatable: false, setWindowRect: true, strictFileInteractability: false, timeouts: {implicit: 0, pageLoad: 300000, script: 30000}, unhandledPromptBehavior: dismiss and notify}
Session ID: 742aff2d-0cc7-4653-8956-c840c25da178
*** Element info: {Using=xpath, value=//h1[contains(text(),'Sr. Ab Initio Developer / Technical Lead (Apps Systems Engineer 5)')]}
2020-04-27 18:47:33 FATAL Testengine:27 - Test step Failed: 
2020-04-27 18:47:33 FATAL Testengine:27 - Test step Failed: 
2020-04-27 18:47:33 INFO  Testengine:144 - 
****** Finishing test:test7******

2020-04-27 18:47:33 INFO  Testengine:144 - 
****** Finishing test:test7******

2020-04-27 18:47:33 INFO  Testengine:144 - 
****** Finishing test:test7******

2020-04-27 18:47:33 FATAL Testengine:27 - Test step Failed: 
2020-04-27 18:47:33 INFO  Testengine:144 - 
****** Finishing test:test7******

2020-04-27 18:47:39 INFO  Testengine:74 - *******************************************
Initiating Logger.... 
******************************************* 

2020-04-27 18:47:39 INFO  Testengine:77 - *******************************************
Reading Config File.... 
******************************************* 

2020-04-27 18:47:39 INFO  Testengine:88 - Properties file loaded successfully:
2020-04-27 18:47:39 INFO  Testengine:97 - *******************************************
 Setting Up Excel Sheet.... 
******************************************* 

2020-04-27 18:47:39 INFO  Testengine:105 - Setting up Test Summary
2020-04-27 18:47:39 INFO  Testengine:113 - Getting the WebDriver Instances for the firefox browser
2020-04-27 18:47:39 INFO  Testengine:17 - Initiating Browser Driver
2020-04-27 18:47:39 INFO  Testengine:32 - Initiating Firefox Browser Driver
2020-04-27 18:47:58 INFO  Testengine:132 - 
****** starting test:test5******

2020-04-27 18:47:58 INFO  Testengine:132 - 
****** starting test:test2******

2020-04-27 18:47:58 INFO  Testengine:132 - 
****** starting test:test1******

2020-04-27 18:47:58 INFO  Testengine:132 - 
****** starting test:test3******

2020-04-27 18:47:58 INFO  Testengine:132 - 
****** starting test:test4******

2020-04-27 18:47:58 INFO  Testengine:136 - Browser Launched at Mon Apr 27 18:47:58 IST 2020
2020-04-27 18:47:58 INFO  Testengine:136 - Browser Launched at Mon Apr 27 18:47:58 IST 2020
2020-04-27 18:47:58 INFO  Testengine:136 - Browser Launched at Mon Apr 27 18:47:58 IST 2020
2020-04-27 18:47:58 INFO  Testengine:136 - Browser Launched at Mon Apr 27 18:47:58 IST 2020
2020-04-27 18:47:58 INFO  Testengine:136 - Browser Launched at Mon Apr 27 18:47:58 IST 2020
2020-04-27 18:47:58 INFO  Testengine:14 - Test started successfully for the method: 
2020-04-27 18:47:58 INFO  Testengine:14 - Test started successfully for the method: 
2020-04-27 18:47:58 INFO  Testengine:14 - Test started successfully for the method: 
2020-04-27 18:47:58 INFO  Testengine:14 - Test started successfully for the method: 
2020-04-27 18:47:58 INFO  Testengine:14 - Test started successfully for the method: 
2020-04-27 18:48:07 INFO  Testengine:123 - test4 : Clicked on Search button:
2020-04-27 18:48:07 INFO  Testengine:144 - 
****** Finishing test:test4******

2020-04-27 18:48:07 FATAL Testengine:27 - Test step Failed: 
2020-04-27 18:48:07 INFO  Testengine:144 - 
****** Finishing test:test4******

2020-04-27 18:48:07 FATAL Testengine:27 - Test step Failed: 
2020-04-27 18:48:07 FATAL Testengine:27 - Test step Failed: 
2020-04-27 18:48:07 INFO  Testengine:144 - 
****** Finishing test:test4******

2020-04-27 18:48:07 INFO  Testengine:144 - 
****** Finishing test:test4******

2020-04-27 18:48:07 FATAL Testengine:27 - Test step Failed: 
2020-04-27 18:48:07 INFO  Testengine:144 - 
****** Finishing test:test4******

2020-04-27 18:48:08 INFO  Testengine:132 - 
****** starting test:test6******

2020-04-27 18:48:08 INFO  Testengine:136 - Browser Launched at Mon Apr 27 18:48:08 IST 2020
2020-04-27 18:48:08 INFO  Testengine:14 - Test started successfully for the method: 
2020-04-27 18:48:08 INFO  Testengine:132 - 
****** starting test:testa1******

2020-04-27 18:48:08 INFO  Testengine:136 - Browser Launched at Mon Apr 27 18:48:08 IST 2020
2020-04-27 18:48:08 INFO  Testengine:14 - Test started successfully for the method: 
2020-04-27 18:48:08 FATAL Testengine:27 - Test step Failed: 
2020-04-27 18:48:08 INFO  Testengine:144 - 
****** Finishing test:testa1******

2020-04-27 18:48:09 INFO  Testengine:132 - 
****** starting test:test7******

2020-04-27 18:48:09 INFO  Testengine:132 - 
****** starting test:test8******

2020-04-27 18:48:09 INFO  Testengine:136 - Browser Launched at Mon Apr 27 18:48:09 IST 2020
2020-04-27 18:48:09 INFO  Testengine:136 - Browser Launched at Mon Apr 27 18:48:09 IST 2020
2020-04-27 18:48:09 INFO  Testengine:14 - Test started successfully for the method: 
2020-04-27 18:48:09 INFO  Testengine:58 - SaveforLater_Button is displaying in the screen
2020-04-27 18:48:09 INFO  Testengine:132 - 
****** starting test:test9******

2020-04-27 18:48:09 INFO  Testengine:14 - Test started successfully for the method: 
2020-04-27 18:48:09 INFO  Testengine:136 - Browser Launched at Mon Apr 27 18:48:09 IST 2020
2020-04-27 18:48:09 INFO  Testengine:132 - 
****** starting test:test10******

2020-04-27 18:48:09 INFO  Testengine:136 - Browser Launched at Mon Apr 27 18:48:09 IST 2020
2020-04-27 18:48:09 INFO  Testengine:14 - Test started successfully for the method: 
2020-04-27 18:48:09 INFO  Testengine:14 - Test started successfully for the method: 
2020-04-27 18:48:19 FATAL Testengine:86 - org.openqa.selenium.NoSuchElementException: Unable to locate element: //h1[contains(text(),'Sr. Ab Initio Developer / Technical Lead (Apps Systems Engineer 5)')]
For documentation on this error, please visit: https://www.seleniumhq.org/exceptions/no_such_element.html
Build info: version: '3.141.59', revision: 'e82be7d358', time: '2018-11-14T08:17:03'
System info: host: 'DESKTOP-J6NT3H3', ip: '192.168.0.8', os.name: 'Windows 10', os.arch: 'amd64', os.version: '10.0', java.version: '1.8.0_242'
Driver info: org.openqa.selenium.firefox.FirefoxDriver
Capabilities {acceptInsecureCerts: true, browserName: firefox, browserVersion: 75.0, javascriptEnabled: true, moz:accessibilityChecks: false, moz:buildID: 20200403170909, moz:geckodriverVersion: 0.26.0, moz:headless: false, moz:processID: 17804, moz:profile: C:\Users\karth\AppData\Loca..., moz:shutdownTimeout: 60000, moz:useNonSpecCompliantPointerOrigin: false, moz:webdriverClick: true, pageLoadStrategy: normal, platform: WINDOWS, platformName: WINDOWS, platformVersion: 10.0, rotatable: false, setWindowRect: true, strictFileInteractability: false, timeouts: {implicit: 0, pageLoad: 300000, script: 30000}, unhandledPromptBehavior: dismiss and notify}
Session ID: 18bfc665-d86d-4e6a-8e44-2eb283dc96d7
*** Element info: {Using=xpath, value=//h1[contains(text(),'Sr. Ab Initio Developer / Technical Lead (Apps Systems Engineer 5)')]}
2020-04-27 18:48:19 INFO  Testengine:144 - 
****** Finishing test:test10******

2020-04-27 18:48:19 INFO  Testengine:47 - test10 : Description Entered as Developer
2020-04-27 18:48:29 INFO  Testengine:95 - Page scrolled
2020-04-27 18:48:40 INFO  Testengine:144 - 
****** Finishing test:test10******

2020-04-27 18:48:50 FATAL Testengine:27 - Test step Failed: 
2020-04-27 18:48:50 INFO  Testengine:144 - 
****** Finishing test:test10******

2020-04-27 18:48:50 FATAL Testengine:27 - Test step Failed: 
2020-04-27 18:48:50 INFO  Testengine:144 - 
****** Finishing test:test10******

2020-04-27 18:48:50 FATAL Testengine:27 - Test step Failed: 
2020-04-27 18:48:50 INFO  Testengine:144 - 
****** Finishing test:test10******

2020-04-27 18:49:00 INFO  Testengine:48 - Test completed successfully for the method: 
2020-04-27 18:49:01 INFO  Testengine:105 - Setting up Test Summary
2020-04-27 18:49:01 INFO  Testengine:113 - Getting the WebDriver Instances for the edge browser
2020-04-27 18:49:01 INFO  Testengine:17 - Initiating Browser Driver
2020-04-27 18:49:01 INFO  Testengine:46 - Initiating Edge Browser Driver
2020-04-27 18:49:16 INFO  Testengine:132 - 
****** starting test:test1******

2020-04-27 18:49:16 INFO  Testengine:132 - 
****** starting test:test5******

2020-04-27 18:49:16 INFO  Testengine:136 - Browser Launched at Mon Apr 27 18:49:16 IST 2020
2020-04-27 18:49:16 INFO  Testengine:136 - Browser Launched at Mon Apr 27 18:49:16 IST 2020
2020-04-27 18:49:16 INFO  Testengine:14 - Test started successfully for the method: 
2020-04-27 18:49:16 INFO  Testengine:14 - Test started successfully for the method: 
2020-04-27 18:49:16 INFO  Testengine:132 - 
****** starting test:test3******

2020-04-27 18:49:16 INFO  Testengine:136 - Browser Launched at Mon Apr 27 18:49:16 IST 2020
2020-04-27 18:49:16 INFO  Testengine:14 - Test started successfully for the method: 
2020-04-27 18:49:16 INFO  Testengine:132 - 
****** starting test:test4******

2020-04-27 18:49:16 INFO  Testengine:136 - Browser Launched at Mon Apr 27 18:49:16 IST 2020
2020-04-27 18:49:16 INFO  Testengine:132 - 
****** starting test:test2******

2020-04-27 18:49:16 INFO  Testengine:136 - Browser Launched at Mon Apr 27 18:49:16 IST 2020
2020-04-27 18:49:16 INFO  Testengine:14 - Test started successfully for the method: 
2020-04-27 18:49:16 INFO  Testengine:14 - Test started successfully for the method: 
2020-04-27 18:49:18 INFO  Testengine:123 - test2 : Clicked on Search button:
2020-04-27 18:49:18 INFO  Testengine:144 - 
****** Finishing test:test2******

2020-04-27 18:49:18 FATAL Testengine:27 - Test step Failed: 
2020-04-27 18:49:18 INFO  Testengine:144 - 
****** Finishing test:test2******

2020-04-27 18:49:18 FATAL Testengine:27 - Test step Failed: 
2020-04-27 18:49:18 INFO  Testengine:144 - 
****** Finishing test:test2******

2020-04-27 18:49:18 INFO  Testengine:132 - 
****** starting test:test6******

2020-04-27 18:49:18 INFO  Testengine:132 - 
****** starting test:testa1******

2020-04-27 18:49:18 INFO  Testengine:136 - Browser Launched at Mon Apr 27 18:49:18 IST 2020
2020-04-27 18:49:18 INFO  Testengine:136 - Browser Launched at Mon Apr 27 18:49:18 IST 2020
2020-04-27 18:49:18 INFO  Testengine:14 - Test started successfully for the method: 
2020-04-27 18:49:18 INFO  Testengine:14 - Test started successfully for the method: 
2020-04-27 18:49:18 INFO  Testengine:132 - 
****** starting test:test7******

2020-04-27 18:49:18 INFO  Testengine:136 - Browser Launched at Mon Apr 27 18:49:18 IST 2020
2020-04-27 18:49:18 INFO  Testengine:14 - Test started successfully for the method: 
2020-04-27 18:49:18 INFO  Testengine:58 - SaveforLater_Button is displaying in the screen
2020-04-27 18:49:19 FATAL Testengine:27 - Test step Failed: 
2020-04-27 18:49:19 INFO  Testengine:144 - 
****** Finishing test:test7******

2020-04-27 18:49:19 INFO  Testengine:132 - 
****** starting test:test8******

2020-04-27 18:49:19 INFO  Testengine:136 - Browser Launched at Mon Apr 27 18:49:19 IST 2020
2020-04-27 18:49:19 INFO  Testengine:14 - Test started successfully for the method: 
2020-04-27 18:49:19 FATAL Testengine:27 - Test step Failed: 
2020-04-27 18:49:19 INFO  Testengine:144 - 
****** Finishing test:test8******

2020-04-27 18:49:19 INFO  Testengine:132 - 
****** starting test:test9******

2020-04-27 18:49:19 INFO  Testengine:136 - Browser Launched at Mon Apr 27 18:49:19 IST 2020
2020-04-27 18:49:19 INFO  Testengine:14 - Test started successfully for the method: 
2020-04-27 18:49:29 FATAL Testengine:86 - org.openqa.selenium.NoSuchElementException: no such element: Unable to locate element: {"method":"xpath","selector":"//h1[contains(text(),'Sr. Ab Initio Developer / Technical Lead (Apps Systems Engineer 5)')]"}
  (Session info: MicrosoftEdge=81.0.416.64)
For documentation on this error, please visit: https://www.seleniumhq.org/exceptions/no_such_element.html
Build info: version: '3.141.59', revision: 'e82be7d358', time: '2018-11-14T08:17:03'
System info: host: 'DESKTOP-J6NT3H3', ip: '192.168.0.8', os.name: 'Windows 10', os.arch: 'amd64', os.version: '10.0', java.version: '1.8.0_242'
Driver info: org.openqa.selenium.edge.EdgeDriver
Capabilities {acceptInsecureCerts: false, browserName: msedge, browserVersion: 81.0.416.64, javascriptEnabled: true, ms:edgeOptions: {debuggerAddress: localhost:54694}, msedge: {msedgedriverVersion: 81.0.409.0 (39f62a1453d7b79..., userDataDir: C:\Users\karth\AppData\Loca...}, networkConnectionEnabled: false, pageLoadStrategy: normal, platform: WINDOWS, platformName: WINDOWS, proxy: Proxy(), setWindowRect: true, strictFileInteractability: false, timeouts: {implicit: 0, pageLoad: 300000, script: 30000}, unhandledPromptBehavior: dismiss and notify, webauthn:virtualAuthenticators: true}
Session ID: d988aacd57dd800f7e25cc53079d3413
*** Element info: {Using=xpath, value=//h1[contains(text(),'Sr. Ab Initio Developer / Technical Lead (Apps Systems Engineer 5)')]}
2020-04-27 18:49:29 INFO  Testengine:144 - 
****** Finishing test:test9******

2020-04-27 18:49:29 INFO  Testengine:132 - 
****** starting test:test10******

2020-04-27 18:49:29 INFO  Testengine:136 - Browser Launched at Mon Apr 27 18:49:29 IST 2020
2020-04-27 18:49:29 INFO  Testengine:14 - Test started successfully for the method: 
2020-04-27 18:49:29 FATAL Testengine:27 - Test step Failed: 
2020-04-27 18:49:29 INFO  Testengine:144 - 
****** Finishing test:test10******

2020-04-27 18:49:29 INFO  Testengine:95 - Page scrolled
2020-04-27 18:49:40 INFO  Testengine:47 - test10 : Description Entered as Developer
2020-04-27 18:49:51 INFO  Testengine:144 - 
****** Finishing test:test10******

2020-04-27 18:49:52 FATAL Testengine:27 - Test step Failed: 
2020-04-27 18:49:52 INFO  Testengine:144 - 
****** Finishing test:test10******

2020-04-27 18:49:53 FATAL Testengine:27 - Test step Failed: 
2020-04-27 18:49:53 INFO  Testengine:144 - 
****** Finishing test:test10******

2020-04-27 18:50:13 FATAL Testengine:27 - Test step Failed: 
2020-04-27 18:50:13 INFO  Testengine:144 - 
****** Finishing test:test10******

2020-04-27 18:50:23 INFO  Testengine:48 - Test completed successfully for the method: 
2020-04-27 18:50:23 INFO  Testengine:105 - Setting up Test Summary
2020-04-27 18:50:23 INFO  Testengine:113 - Getting the WebDriver Instances for the chrome browser
2020-04-27 18:50:23 INFO  Testengine:17 - Initiating Browser Driver
2020-04-27 18:50:23 INFO  Testengine:19 - Initiating Chrome Browser Driver
2020-04-27 18:50:31 INFO  Testengine:132 - 
****** starting test:test1******

2020-04-27 18:50:31 INFO  Testengine:136 - Browser Launched at Mon Apr 27 18:50:31 IST 2020
2020-04-27 18:50:31 INFO  Testengine:14 - Test started successfully for the method: 
2020-04-27 18:50:31 INFO  Testengine:132 - 
****** starting test:test5******

2020-04-27 18:50:31 INFO  Testengine:136 - Browser Launched at Mon Apr 27 18:50:31 IST 2020
2020-04-27 18:50:31 INFO  Testengine:14 - Test started successfully for the method: 
2020-04-27 18:50:31 INFO  Testengine:132 - 
****** starting test:test2******

2020-04-27 18:50:31 INFO  Testengine:136 - Browser Launched at Mon Apr 27 18:50:31 IST 2020
2020-04-27 18:50:31 INFO  Testengine:14 - Test started successfully for the method: 
2020-04-27 18:50:31 INFO  Testengine:132 - 
****** starting test:test3******

2020-04-27 18:50:31 INFO  Testengine:136 - Browser Launched at Mon Apr 27 18:50:31 IST 2020
2020-04-27 18:50:31 INFO  Testengine:14 - Test started successfully for the method: 
2020-04-27 18:50:31 INFO  Testengine:132 - 
****** starting test:test4******

2020-04-27 18:50:31 INFO  Testengine:136 - Browser Launched at Mon Apr 27 18:50:31 IST 2020
2020-04-27 18:50:31 INFO  Testengine:14 - Test started successfully for the method: 
2020-04-27 18:50:34 INFO  Testengine:123 - test4 : Clicked on Search button:
2020-04-27 18:50:34 INFO  Testengine:144 - 
****** Finishing test:test4******

2020-04-27 18:50:34 FATAL Testengine:27 - Test step Failed: 
2020-04-27 18:50:34 INFO  Testengine:144 - 
****** Finishing test:test4******

2020-04-27 18:50:34 FATAL Testengine:27 - Test step Failed: 
2020-04-27 18:50:34 INFO  Testengine:144 - 
****** Finishing test:test4******

2020-04-27 18:50:34 FATAL Testengine:27 - Test step Failed: 
2020-04-27 18:50:34 INFO  Testengine:144 - 
****** Finishing test:test4******

2020-04-27 18:50:34 FATAL Testengine:27 - Test step Failed: 
2020-04-27 18:50:34 INFO  Testengine:144 - 
****** Finishing test:test4******

2020-04-27 18:50:34 INFO  Testengine:132 - 
****** starting test:test6******

2020-04-27 18:50:34 INFO  Testengine:132 - 
****** starting test:testa1******

2020-04-27 18:50:34 INFO  Testengine:132 - 
****** starting test:test7******

2020-04-27 18:50:34 INFO  Testengine:132 - 
****** starting test:test8******

2020-04-27 18:50:34 INFO  Testengine:136 - Browser Launched at Mon Apr 27 18:50:34 IST 2020
2020-04-27 18:50:34 INFO  Testengine:136 - Browser Launched at Mon Apr 27 18:50:34 IST 2020
2020-04-27 18:50:34 INFO  Testengine:136 - Browser Launched at Mon Apr 27 18:50:34 IST 2020
2020-04-27 18:50:34 INFO  Testengine:132 - 
****** starting test:test9******

2020-04-27 18:50:34 INFO  Testengine:136 - Browser Launched at Mon Apr 27 18:50:34 IST 2020
2020-04-27 18:50:34 INFO  Testengine:14 - Test started successfully for the method: 
2020-04-27 18:50:34 INFO  Testengine:136 - Browser Launched at Mon Apr 27 18:50:34 IST 2020
2020-04-27 18:50:34 INFO  Testengine:14 - Test started successfully for the method: 
2020-04-27 18:50:34 INFO  Testengine:14 - Test started successfully for the method: 
2020-04-27 18:50:34 INFO  Testengine:14 - Test started successfully for the method: 
2020-04-27 18:50:34 INFO  Testengine:58 - SaveforLater_Button is displaying in the screen
2020-04-27 18:50:34 INFO  Testengine:14 - Test started successfully for the method: 
2020-04-27 18:50:45 FATAL Testengine:86 - org.openqa.selenium.NoSuchElementException: no such element: Unable to locate element: {"method":"xpath","selector":"//h1[contains(text(),'Sr. Ab Initio Developer / Technical Lead (Apps Systems Engineer 5)')]"}
  (Session info: chrome=81.0.4044.122)
For documentation on this error, please visit: https://www.seleniumhq.org/exceptions/no_such_element.html
Build info: version: '3.141.59', revision: 'e82be7d358', time: '2018-11-14T08:17:03'
System info: host: 'DESKTOP-J6NT3H3', ip: '192.168.0.8', os.name: 'Windows 10', os.arch: 'amd64', os.version: '10.0', java.version: '1.8.0_242'
Driver info: org.openqa.selenium.chrome.ChromeDriver
Capabilities {acceptInsecureCerts: false, browserName: chrome, browserVersion: 81.0.4044.122, chrome: {chromedriverVersion: 81.0.4044.69 (6813546031a4b..., userDataDir: C:\Users\karth\AppData\Loca...}, goog:chromeOptions: {debuggerAddress: localhost:54808}, javascriptEnabled: true, networkConnectionEnabled: false, pageLoadStrategy: normal, platform: WINDOWS, platformName: WINDOWS, proxy: Proxy(), setWindowRect: true, strictFileInteractability: false, timeouts: {implicit: 0, pageLoad: 300000, script: 30000}, unhandledPromptBehavior: dismiss and notify, webauthn:virtualAuthenticators: true}
Session ID: 0aacab2539af94672b91266d130cc7b0
*** Element info: {Using=xpath, value=//h1[contains(text(),'Sr. Ab Initio Developer / Technical Lead (Apps Systems Engineer 5)')]}
2020-04-27 18:50:45 INFO  Testengine:144 - 
****** Finishing test:test9******

2020-04-27 18:50:45 INFO  Testengine:132 - 
****** starting test:test10******

2020-04-27 18:50:45 INFO  Testengine:136 - Browser Launched at Mon Apr 27 18:50:45 IST 2020
2020-04-27 18:50:45 INFO  Testengine:14 - Test started successfully for the method: 
2020-04-27 18:50:45 INFO  Testengine:95 - Page scrolled
2020-04-27 18:50:45 FATAL Testengine:27 - Test step Failed: 
2020-04-27 18:50:45 INFO  Testengine:144 - 
****** Finishing test:test10******

2020-04-27 18:50:56 INFO  Testengine:47 - test10 : Description Entered as Developer
2020-04-27 18:51:06 INFO  Testengine:144 - 
****** Finishing test:test10******

2020-04-27 18:51:06 FATAL Testengine:27 - Test step Failed: 
2020-04-27 18:51:06 INFO  Testengine:144 - 
****** Finishing test:test10******

2020-04-27 18:51:07 FATAL Testengine:27 - Test step Failed: 
2020-04-27 18:51:07 INFO  Testengine:144 - 
****** Finishing test:test10******

2020-04-27 18:51:27 FATAL Testengine:27 - Test step Failed: 
2020-04-27 18:51:27 INFO  Testengine:144 - 
****** Finishing test:test10******

2020-04-27 18:51:38 INFO  Testengine:48 - Test completed successfully for the method: 
2020-04-27 18:51:38 INFO  Testengine:163 - ******************************************* // End of the Test // *******************************************

2020-04-27 18:51:38 INFO  Testengine:165 - Total number of Testcases Executed 11
2020-04-27 18:51:38 INFO  Testengine:166 - Total number of Testcases Passed 3
2020-04-27 18:51:38 INFO  Testengine:167 - Total number of Testcases Failed 8
2020-04-27 18:51:38 INFO  Testengine:168 - Total number of Testcases Skipped 0
2020-04-27 18:51:38 INFO  Testengine:169 - *************************************************************************************************************

2020-04-28 09:46:57 INFO  Testengine:74 - *******************************************
Initiating Logger.... 
******************************************* 

2020-04-28 09:46:57 INFO  Testengine:77 - *******************************************
Reading Config File.... 
******************************************* 

2020-04-28 09:46:57 INFO  Testengine:88 - Properties file loaded successfully:
2020-04-28 09:46:57 INFO  Testengine:97 - *******************************************
 Setting Up Excel Sheet.... 
******************************************* 

2020-04-28 09:46:57 INFO  Testengine:105 - Setting up Test Summary
2020-04-28 09:46:57 INFO  Testengine:113 - Getting the WebDriver Instances for the firefox browser
2020-04-28 09:46:57 INFO  Testengine:17 - Initiating Browser Driver
2020-04-28 09:46:57 INFO  Testengine:32 - Initiating Firefox Browser Driver
2020-04-28 09:47:20 INFO  Testengine:132 - 
****** starting test:test1******

2020-04-28 09:47:20 INFO  Testengine:132 - 
****** starting test:test2******

2020-04-28 09:47:20 INFO  Testengine:132 - 
****** starting test:test3******

2020-04-28 09:47:20 INFO  Testengine:136 - Browser Launched at Tue Apr 28 09:47:20 IST 2020
2020-04-28 09:47:20 INFO  Testengine:136 - Browser Launched at Tue Apr 28 09:47:20 IST 2020
2020-04-28 09:47:20 INFO  Testengine:136 - Browser Launched at Tue Apr 28 09:47:20 IST 2020
2020-04-28 09:47:20 INFO  Testengine:14 - Test started successfully for the method: 
2020-04-28 09:47:20 INFO  Testengine:14 - Test started successfully for the method: 
2020-04-28 09:47:20 INFO  Testengine:14 - Test started successfully for the method: 
2020-04-28 09:47:20 INFO  Testengine:47 - test2 : Description Entered as Developer
2020-04-28 09:47:21 INFO  Testengine:144 - 
****** Finishing test:test2******

2020-04-28 09:47:22 INFO  Testengine:132 - 
****** starting test:test4******

2020-04-28 09:47:22 INFO  Testengine:136 - Browser Launched at Tue Apr 28 09:47:22 IST 2020
2020-04-28 09:47:22 INFO  Testengine:14 - Test started successfully for the method: 
2020-04-28 09:47:22 INFO  Testengine:62 - test4 : Country selected as India
2020-04-28 09:47:22 FATAL Testengine:88 - Unable to find the country Karnataka in the dropdownlist
2020-04-28 09:47:22 FATAL Testengine:66 - Unable to find the country India in the dropdownlist
2020-04-28 09:47:22 FATAL Testengine:27 - Test step Failed: 
2020-04-28 09:47:22 INFO  Testengine:144 - 
****** Finishing test:test4******

2020-04-28 09:47:22 FATAL Testengine:27 - Test step Failed: 
2020-04-28 09:47:22 INFO  Testengine:144 - 
****** Finishing test:test4******

2020-04-28 09:47:22 INFO  Testengine:132 - 
****** starting test:test5******

2020-04-28 09:47:22 INFO  Testengine:136 - Browser Launched at Tue Apr 28 09:47:22 IST 2020
2020-04-28 09:47:22 INFO  Testengine:14 - Test started successfully for the method: 
2020-04-28 09:47:22 INFO  Testengine:132 - 
****** starting test:test6******

2020-04-28 09:47:22 INFO  Testengine:136 - Browser Launched at Tue Apr 28 09:47:22 IST 2020
2020-04-28 09:47:22 INFO  Testengine:14 - Test started successfully for the method: 
2020-04-28 09:47:35 INFO  Testengine:123 - test6 : Clicked on Search button:
2020-04-28 09:47:35 INFO  Testengine:144 - 
****** Finishing test:test6******

2020-04-28 09:47:36 FATAL Testengine:110 - Unable to find the country Bengaluru in the dropdownlist
2020-04-28 09:47:36 FATAL Testengine:27 - Test step Failed: 
2020-04-28 09:47:36 INFO  Testengine:144 - 
****** Finishing test:test6******

2020-04-28 09:47:36 FATAL Testengine:27 - Test step Failed: 
2020-04-28 09:47:36 INFO  Testengine:144 - 
****** Finishing test:test6******

2020-04-28 09:47:36 INFO  Testengine:132 - 
****** starting test:testa1******

2020-04-28 09:47:36 INFO  Testengine:132 - 
****** starting test:test7******

2020-04-28 09:47:36 INFO  Testengine:136 - Browser Launched at Tue Apr 28 09:47:36 IST 2020
2020-04-28 09:47:36 INFO  Testengine:132 - 
****** starting test:test8******

2020-04-28 09:47:36 INFO  Testengine:136 - Browser Launched at Tue Apr 28 09:47:36 IST 2020
2020-04-28 09:47:36 INFO  Testengine:14 - Test started successfully for the method: 
2020-04-28 09:47:36 INFO  Testengine:14 - Test started successfully for the method: 
2020-04-28 09:47:36 INFO  Testengine:58 - SaveforLater_Button is displaying in the screen
2020-04-28 09:47:36 INFO  Testengine:136 - Browser Launched at Tue Apr 28 09:47:36 IST 2020
2020-04-28 09:47:36 INFO  Testengine:14 - Test started successfully for the method: 
2020-04-28 09:47:46 FATAL Testengine:86 - org.openqa.selenium.NoSuchElementException: Unable to locate element: //h1[contains(text(),'Sr. Ab Initio Developer / Technical Lead (Apps Systems Engineer 5)')]
For documentation on this error, please visit: https://www.seleniumhq.org/exceptions/no_such_element.html
Build info: version: '3.141.59', revision: 'e82be7d358', time: '2018-11-14T08:17:03'
System info: host: 'DESKTOP-J6NT3H3', ip: '192.168.0.8', os.name: 'Windows 10', os.arch: 'amd64', os.version: '10.0', java.version: '1.8.0_242'
Driver info: org.openqa.selenium.firefox.FirefoxDriver
Capabilities {acceptInsecureCerts: true, browserName: firefox, browserVersion: 75.0, javascriptEnabled: true, moz:accessibilityChecks: false, moz:buildID: 20200403170909, moz:geckodriverVersion: 0.26.0, moz:headless: false, moz:processID: 7068, moz:profile: C:\Users\karth\AppData\Loca..., moz:shutdownTimeout: 60000, moz:useNonSpecCompliantPointerOrigin: false, moz:webdriverClick: true, pageLoadStrategy: normal, platform: WINDOWS, platformName: WINDOWS, platformVersion: 10.0, rotatable: false, setWindowRect: true, strictFileInteractability: false, timeouts: {implicit: 0, pageLoad: 300000, script: 30000}, unhandledPromptBehavior: dismiss and notify}
Session ID: a80772ba-4217-4d3a-9e1c-b07f00ce2c18
*** Element info: {Using=xpath, value=//h1[contains(text(),'Sr. Ab Initio Developer / Technical Lead (Apps Systems Engineer 5)')]}
2020-04-28 09:47:46 INFO  Testengine:144 - 
****** Finishing test:test8******

2020-04-28 09:47:46 INFO  Testengine:132 - 
****** starting test:test9******

2020-04-28 09:47:46 INFO  Testengine:136 - Browser Launched at Tue Apr 28 09:47:46 IST 2020
2020-04-28 09:47:46 INFO  Testengine:14 - Test started successfully for the method: 
2020-04-28 09:47:46 INFO  Testengine:95 - Page scrolled
2020-04-28 09:47:46 INFO  Testengine:47 - test9 : Description Entered as Developer
2020-04-28 09:47:47 FATAL Testengine:27 - Test step Failed: 
2020-04-28 09:47:47 INFO  Testengine:144 - 
****** Finishing test:test9******

2020-04-28 09:47:47 INFO  Testengine:132 - 
****** starting test:test10******

2020-04-28 09:47:47 INFO  Testengine:136 - Browser Launched at Tue Apr 28 09:47:47 IST 2020
2020-04-28 09:47:47 INFO  Testengine:14 - Test started successfully for the method: 
2020-04-28 09:47:57 INFO  Testengine:144 - 
****** Finishing test:test10******

2020-04-28 09:47:57 FATAL Testengine:27 - Test step Failed: 
2020-04-28 09:47:57 INFO  Testengine:144 - 
****** Finishing test:test10******

2020-04-28 09:48:28 FATAL Testengine:27 - Test step Failed: 
2020-04-28 09:48:28 INFO  Testengine:144 - 
****** Finishing test:test10******

2020-04-28 09:48:38 INFO  Testengine:48 - Test completed successfully for the method: 
2020-04-28 09:48:38 INFO  Testengine:105 - Setting up Test Summary
2020-04-28 09:48:38 INFO  Testengine:113 - Getting the WebDriver Instances for the edge browser
2020-04-28 09:48:38 INFO  Testengine:17 - Initiating Browser Driver
2020-04-28 09:48:38 INFO  Testengine:46 - Initiating Edge Browser Driver
2020-04-28 09:48:53 INFO  Testengine:132 - 
****** starting test:test3******

2020-04-28 09:48:53 INFO  Testengine:132 - 
****** starting test:test1******

2020-04-28 09:48:53 INFO  Testengine:136 - Browser Launched at Tue Apr 28 09:48:53 IST 2020
2020-04-28 09:48:53 INFO  Testengine:136 - Browser Launched at Tue Apr 28 09:48:53 IST 2020
2020-04-28 09:48:53 INFO  Testengine:132 - 
****** starting test:test2******

2020-04-28 09:48:53 INFO  Testengine:136 - Browser Launched at Tue Apr 28 09:48:53 IST 2020
2020-04-28 09:48:53 INFO  Testengine:14 - Test started successfully for the method: 
2020-04-28 09:48:53 INFO  Testengine:14 - Test started successfully for the method: 
2020-04-28 09:48:53 INFO  Testengine:14 - Test started successfully for the method: 
2020-04-28 09:48:54 INFO  Testengine:47 - test2 : Description Entered as Developer
2020-04-28 09:48:54 INFO  Testengine:144 - 
****** Finishing test:test2******

2020-04-28 09:48:54 INFO  Testengine:132 - 
****** starting test:test4******

2020-04-28 09:48:54 INFO  Testengine:136 - Browser Launched at Tue Apr 28 09:48:54 IST 2020
2020-04-28 09:48:54 INFO  Testengine:14 - Test started successfully for the method: 
2020-04-28 09:48:54 INFO  Testengine:62 - test4 : Country selected as India
2020-04-28 09:48:55 FATAL Testengine:110 - Unable to find the country Bengaluru in the dropdownlist
2020-04-28 09:48:55 FATAL Testengine:27 - Test step Failed: 
2020-04-28 09:48:55 INFO  Testengine:144 - 
****** Finishing test:test4******

2020-04-28 09:48:55 FATAL Testengine:88 - Unable to find the country Karnataka in the dropdownlist
2020-04-28 09:48:55 FATAL Testengine:27 - Test step Failed: 
2020-04-28 09:48:55 INFO  Testengine:144 - 
****** Finishing test:test4******

2020-04-28 09:48:55 FATAL Testengine:66 - Unable to find the country India in the dropdownlist
2020-04-28 09:48:55 FATAL Testengine:27 - Test step Failed: 
2020-04-28 09:48:55 INFO  Testengine:144 - 
****** Finishing test:test4******

2020-04-28 09:48:55 INFO  Testengine:132 - 
****** starting test:test5******

2020-04-28 09:48:55 INFO  Testengine:132 - 
****** starting test:test6******

2020-04-28 09:48:55 INFO  Testengine:136 - Browser Launched at Tue Apr 28 09:48:55 IST 2020
2020-04-28 09:48:55 INFO  Testengine:136 - Browser Launched at Tue Apr 28 09:48:55 IST 2020
2020-04-28 09:48:55 INFO  Testengine:132 - 
****** starting test:testa1******

2020-04-28 09:48:55 INFO  Testengine:14 - Test started successfully for the method: 
2020-04-28 09:48:55 INFO  Testengine:136 - Browser Launched at Tue Apr 28 09:48:55 IST 2020
2020-04-28 09:48:55 INFO  Testengine:14 - Test started successfully for the method: 
2020-04-28 09:48:55 INFO  Testengine:14 - Test started successfully for the method: 
2020-04-28 09:49:05 INFO  Testengine:123 - testa1 : Clicked on Search button:
2020-04-28 09:49:05 INFO  Testengine:144 - 
****** Finishing test:testa1******

2020-04-28 09:49:05 INFO  Testengine:132 - 
****** starting test:test7******

2020-04-28 09:49:05 INFO  Testengine:136 - Browser Launched at Tue Apr 28 09:49:05 IST 2020
2020-04-28 09:49:05 INFO  Testengine:14 - Test started successfully for the method: 
2020-04-28 09:49:05 INFO  Testengine:58 - SaveforLater_Button is displaying in the screen
2020-04-28 09:49:06 FATAL Testengine:27 - Test step Failed: 
2020-04-28 09:49:06 INFO  Testengine:144 - 
****** Finishing test:test7******

2020-04-28 09:49:06 INFO  Testengine:132 - 
****** starting test:test8******

2020-04-28 09:49:06 INFO  Testengine:136 - Browser Launched at Tue Apr 28 09:49:06 IST 2020
2020-04-28 09:49:06 INFO  Testengine:14 - Test started successfully for the method: 
2020-04-28 09:49:16 FATAL Testengine:86 - org.openqa.selenium.NoSuchElementException: no such element: Unable to locate element: {"method":"xpath","selector":"//h1[contains(text(),'Sr. Ab Initio Developer / Technical Lead (Apps Systems Engineer 5)')]"}
  (Session info: MicrosoftEdge=81.0.416.64)
For documentation on this error, please visit: https://www.seleniumhq.org/exceptions/no_such_element.html
Build info: version: '3.141.59', revision: 'e82be7d358', time: '2018-11-14T08:17:03'
System info: host: 'DESKTOP-J6NT3H3', ip: '192.168.0.8', os.name: 'Windows 10', os.arch: 'amd64', os.version: '10.0', java.version: '1.8.0_242'
Driver info: org.openqa.selenium.edge.EdgeDriver
Capabilities {acceptInsecureCerts: false, browserName: msedge, browserVersion: 81.0.416.64, javascriptEnabled: true, ms:edgeOptions: {debuggerAddress: localhost:54141}, msedge: {msedgedriverVersion: 81.0.409.0 (39f62a1453d7b79..., userDataDir: C:\Users\karth\AppData\Loca...}, networkConnectionEnabled: false, pageLoadStrategy: normal, platform: WINDOWS, platformName: WINDOWS, proxy: Proxy(), setWindowRect: true, strictFileInteractability: false, timeouts: {implicit: 0, pageLoad: 300000, script: 30000}, unhandledPromptBehavior: dismiss and notify, webauthn:virtualAuthenticators: true}
Session ID: 3825a4ddcc2b9a9156d77263eaf01852
*** Element info: {Using=xpath, value=//h1[contains(text(),'Sr. Ab Initio Developer / Technical Lead (Apps Systems Engineer 5)')]}
2020-04-28 09:49:16 INFO  Testengine:144 - 
****** Finishing test:test8******

2020-04-28 09:49:16 INFO  Testengine:132 - 
****** starting test:test9******

2020-04-28 09:49:16 INFO  Testengine:136 - Browser Launched at Tue Apr 28 09:49:16 IST 2020
2020-04-28 09:49:16 INFO  Testengine:14 - Test started successfully for the method: 
2020-04-28 09:49:16 FATAL Testengine:27 - Test step Failed: 
2020-04-28 09:49:16 INFO  Testengine:144 - 
****** Finishing test:test9******

2020-04-28 09:49:16 INFO  Testengine:95 - Page scrolled
2020-04-28 09:49:16 INFO  Testengine:132 - 
****** starting test:test10******

2020-04-28 09:49:16 INFO  Testengine:136 - Browser Launched at Tue Apr 28 09:49:16 IST 2020
2020-04-28 09:49:16 INFO  Testengine:14 - Test started successfully for the method: 
2020-04-28 09:49:37 INFO  Testengine:144 - 
****** Finishing test:test10******

2020-04-28 09:49:37 FATAL Testengine:27 - Test step Failed: 
2020-04-28 09:49:37 INFO  Testengine:144 - 
****** Finishing test:test10******

2020-04-28 09:49:58 FATAL Testengine:27 - Test step Failed: 
2020-04-28 09:49:58 INFO  Testengine:144 - 
****** Finishing test:test10******

2020-04-28 09:50:08 INFO  Testengine:48 - Test completed successfully for the method: 
2020-04-28 09:50:08 INFO  Testengine:105 - Setting up Test Summary
2020-04-28 09:50:08 INFO  Testengine:113 - Getting the WebDriver Instances for the chrome browser
2020-04-28 09:50:08 INFO  Testengine:17 - Initiating Browser Driver
2020-04-28 09:50:08 INFO  Testengine:19 - Initiating Chrome Browser Driver
2020-04-28 09:50:16 INFO  Testengine:132 - 
****** starting test:test1******

2020-04-28 09:50:16 INFO  Testengine:136 - Browser Launched at Tue Apr 28 09:50:16 IST 2020
2020-04-28 09:50:16 INFO  Testengine:132 - 
****** starting test:test3******

2020-04-28 09:50:16 INFO  Testengine:136 - Browser Launched at Tue Apr 28 09:50:16 IST 2020
2020-04-28 09:50:16 INFO  Testengine:14 - Test started successfully for the method: 
2020-04-28 09:50:16 INFO  Testengine:14 - Test started successfully for the method: 
2020-04-28 09:50:16 INFO  Testengine:132 - 
****** starting test:test2******

2020-04-28 09:50:16 INFO  Testengine:136 - Browser Launched at Tue Apr 28 09:50:16 IST 2020
2020-04-28 09:50:16 INFO  Testengine:14 - Test started successfully for the method: 
2020-04-28 09:50:16 INFO  Testengine:47 - test2 : Description Entered as Developer
2020-04-28 09:50:16 INFO  Testengine:144 - 
****** Finishing test:test2******

2020-04-28 09:50:17 INFO  Testengine:132 - 
****** starting test:test4******

2020-04-28 09:50:17 INFO  Testengine:136 - Browser Launched at Tue Apr 28 09:50:17 IST 2020
2020-04-28 09:50:17 INFO  Testengine:14 - Test started successfully for the method: 
2020-04-28 09:50:18 INFO  Testengine:84 - test4 : Country selected as Karnataka
2020-04-28 09:50:19 FATAL Testengine:88 - Unable to find the country Karnataka in the dropdownlist
2020-04-28 09:50:19 FATAL Testengine:27 - Test step Failed: 
2020-04-28 09:50:19 INFO  Testengine:144 - 
****** Finishing test:test4******

2020-04-28 09:50:19 FATAL Testengine:110 - Unable to find the country Bengaluru in the dropdownlist
2020-04-28 09:50:19 FATAL Testengine:27 - Test step Failed: 
2020-04-28 09:50:19 INFO  Testengine:144 - 
****** Finishing test:test4******

2020-04-28 09:50:19 FATAL Testengine:66 - Unable to find the country India in the dropdownlist
2020-04-28 09:50:19 FATAL Testengine:27 - Test step Failed: 
2020-04-28 09:50:19 INFO  Testengine:144 - 
****** Finishing test:test4******

2020-04-28 09:50:19 INFO  Testengine:132 - 
****** starting test:test5******

2020-04-28 09:50:19 INFO  Testengine:132 - 
****** starting test:test6******

2020-04-28 09:50:19 INFO  Testengine:136 - Browser Launched at Tue Apr 28 09:50:19 IST 2020
2020-04-28 09:50:19 INFO  Testengine:136 - Browser Launched at Tue Apr 28 09:50:19 IST 2020
2020-04-28 09:50:19 INFO  Testengine:132 - 
****** starting test:testa1******

2020-04-28 09:50:19 INFO  Testengine:136 - Browser Launched at Tue Apr 28 09:50:19 IST 2020
2020-04-28 09:50:19 INFO  Testengine:14 - Test started successfully for the method: 
2020-04-28 09:50:19 INFO  Testengine:14 - Test started successfully for the method: 
2020-04-28 09:50:19 INFO  Testengine:14 - Test started successfully for the method: 
2020-04-28 09:50:29 INFO  Testengine:123 - testa1 : Clicked on Search button:
2020-04-28 09:50:29 INFO  Testengine:144 - 
****** Finishing test:testa1******

2020-04-28 09:50:29 INFO  Testengine:132 - 
****** starting test:test7******

2020-04-28 09:50:29 INFO  Testengine:136 - Browser Launched at Tue Apr 28 09:50:29 IST 2020
2020-04-28 09:50:29 INFO  Testengine:14 - Test started successfully for the method: 
2020-04-28 09:50:29 INFO  Testengine:58 - SaveforLater_Button is displaying in the screen
2020-04-28 09:50:31 FATAL Testengine:27 - Test step Failed: 
2020-04-28 09:50:31 INFO  Testengine:144 - 
****** Finishing test:test7******

2020-04-28 09:50:31 INFO  Testengine:132 - 
****** starting test:test8******

2020-04-28 09:50:31 INFO  Testengine:136 - Browser Launched at Tue Apr 28 09:50:31 IST 2020
2020-04-28 09:50:31 INFO  Testengine:14 - Test started successfully for the method: 
2020-04-28 09:50:41 FATAL Testengine:86 - org.openqa.selenium.NoSuchElementException: no such element: Unable to locate element: {"method":"xpath","selector":"//h1[contains(text(),'Sr. Ab Initio Developer / Technical Lead (Apps Systems Engineer 5)')]"}
  (Session info: chrome=81.0.4044.129)
For documentation on this error, please visit: https://www.seleniumhq.org/exceptions/no_such_element.html
Build info: version: '3.141.59', revision: 'e82be7d358', time: '2018-11-14T08:17:03'
System info: host: 'DESKTOP-J6NT3H3', ip: '192.168.0.8', os.name: 'Windows 10', os.arch: 'amd64', os.version: '10.0', java.version: '1.8.0_242'
Driver info: org.openqa.selenium.chrome.ChromeDriver
Capabilities {acceptInsecureCerts: false, browserName: chrome, browserVersion: 81.0.4044.129, chrome: {chromedriverVersion: 81.0.4044.69 (6813546031a4b..., userDataDir: C:\Users\karth\AppData\Loca...}, goog:chromeOptions: {debuggerAddress: localhost:54265}, javascriptEnabled: true, networkConnectionEnabled: false, pageLoadStrategy: normal, platform: WINDOWS, platformName: WINDOWS, proxy: Proxy(), setWindowRect: true, strictFileInteractability: false, timeouts: {implicit: 0, pageLoad: 300000, script: 30000}, unhandledPromptBehavior: dismiss and notify, webauthn:virtualAuthenticators: true}
Session ID: 6dcf96735bf13ef980b0874403606c49
*** Element info: {Using=xpath, value=//h1[contains(text(),'Sr. Ab Initio Developer / Technical Lead (Apps Systems Engineer 5)')]}
2020-04-28 09:50:41 INFO  Testengine:144 - 
****** Finishing test:test8******

2020-04-28 09:50:41 INFO  Testengine:132 - 
****** starting test:test9******

2020-04-28 09:50:41 INFO  Testengine:136 - Browser Launched at Tue Apr 28 09:50:41 IST 2020
2020-04-28 09:50:41 INFO  Testengine:14 - Test started successfully for the method: 
2020-04-28 09:50:41 FATAL Testengine:27 - Test step Failed: 
2020-04-28 09:50:41 INFO  Testengine:144 - 
****** Finishing test:test9******

2020-04-28 09:50:41 INFO  Testengine:95 - Page scrolled
2020-04-28 09:50:41 INFO  Testengine:132 - 
****** starting test:test10******

2020-04-28 09:50:41 INFO  Testengine:136 - Browser Launched at Tue Apr 28 09:50:41 IST 2020
2020-04-28 09:50:41 INFO  Testengine:14 - Test started successfully for the method: 
2020-04-28 09:51:01 INFO  Testengine:144 - 
****** Finishing test:test10******

2020-04-28 09:51:02 FATAL Testengine:27 - Test step Failed: 
2020-04-28 09:51:02 INFO  Testengine:144 - 
****** Finishing test:test10******

2020-04-28 09:51:22 FATAL Testengine:27 - Test step Failed: 
2020-04-28 09:51:22 INFO  Testengine:144 - 
****** Finishing test:test10******

2020-04-28 09:51:32 INFO  Testengine:48 - Test completed successfully for the method: 
2020-04-28 09:51:33 INFO  Testengine:163 - ******************************************* // End of the Test // *******************************************

2020-04-28 09:51:33 INFO  Testengine:165 - Total number of Testcases Executed 11
2020-04-28 09:51:33 INFO  Testengine:166 - Total number of Testcases Passed 4
2020-04-28 09:51:33 INFO  Testengine:167 - Total number of Testcases Failed 7
2020-04-28 09:51:33 INFO  Testengine:168 - Total number of Testcases Skipped 0
2020-04-28 09:51:33 INFO  Testengine:169 - *************************************************************************************************************

2020-04-28 15:42:25 INFO  Testengine:74 - *******************************************
Initiating Logger.... 
******************************************* 

2020-04-28 15:42:25 INFO  Testengine:77 - *******************************************
Reading Config File.... 
******************************************* 

2020-04-28 15:42:25 INFO  Testengine:88 - Properties file loaded successfully:
2020-04-28 15:42:25 INFO  Testengine:97 - *******************************************
 Setting Up Excel Sheet.... 
******************************************* 

2020-04-28 15:42:25 INFO  Testengine:105 - Setting up Test Summary
2020-04-28 15:42:25 INFO  Testengine:113 - Getting the WebDriver Instances for the firefox browser
2020-04-28 15:42:25 INFO  Testengine:17 - Initiating Browser Driver
2020-04-28 15:42:25 INFO  Testengine:32 - Initiating Firefox Browser Driver
2020-04-28 15:42:41 INFO  Testengine:132 - 
****** starting test:test1******

2020-04-28 15:42:41 INFO  Testengine:132 - 
****** starting test:test2******

2020-04-28 15:42:41 INFO  Testengine:132 - 
****** starting test:test3******

2020-04-28 15:42:41 INFO  Testengine:132 - 
****** starting test:verify_Login_API******

2020-04-28 15:42:41 INFO  Testengine:132 - 
****** starting test:test4******

2020-04-28 15:42:41 INFO  Testengine:136 - Browser Launched at Tue Apr 28 15:42:41 IST 2020
2020-04-28 15:42:41 INFO  Testengine:136 - Browser Launched at Tue Apr 28 15:42:41 IST 2020
2020-04-28 15:42:41 INFO  Testengine:136 - Browser Launched at Tue Apr 28 15:42:41 IST 2020
2020-04-28 15:42:41 INFO  Testengine:136 - Browser Launched at Tue Apr 28 15:42:41 IST 2020
2020-04-28 15:42:41 INFO  Testengine:136 - Browser Launched at Tue Apr 28 15:42:41 IST 2020
2020-04-28 15:42:41 INFO  Testengine:14 - Test started successfully for the method: 
2020-04-28 15:42:41 INFO  Testengine:14 - Test started successfully for the method: 
2020-04-28 15:42:41 INFO  Testengine:14 - Test started successfully for the method: 
2020-04-28 15:42:41 INFO  Testengine:14 - Test started successfully for the method: 
2020-04-28 15:42:41 INFO  Testengine:14 - Test started successfully for the method: 
2020-04-28 15:42:41 INFO  Testengine:47 - verify_Login_API : Description Entered as Developer
2020-04-28 15:42:41 INFO  Testengine:144 - 
****** Finishing test:verify_Login_API******

2020-04-28 15:42:43 INFO  Testengine:132 - 
****** starting test:test5******

2020-04-28 15:42:43 INFO  Testengine:136 - Browser Launched at Tue Apr 28 15:42:43 IST 2020
2020-04-28 15:42:43 INFO  Testengine:14 - Test started successfully for the method: 
2020-04-28 15:43:42 INFO  Testengine:74 - *******************************************
Initiating Logger.... 
******************************************* 

2020-04-28 15:43:42 INFO  Testengine:77 - *******************************************
Reading Config File.... 
******************************************* 

2020-04-28 15:43:42 INFO  Testengine:88 - Properties file loaded successfully:
2020-04-28 15:43:42 INFO  Testengine:97 - *******************************************
 Setting Up Excel Sheet.... 
******************************************* 

2020-04-28 15:43:42 INFO  Testengine:105 - Setting up Test Summary
2020-04-28 15:43:43 INFO  Testengine:113 - Getting the WebDriver Instances for the firefox browser
2020-04-28 15:43:43 INFO  Testengine:17 - Initiating Browser Driver
2020-04-28 15:43:43 INFO  Testengine:32 - Initiating Firefox Browser Driver
2020-04-28 15:44:00 INFO  Testengine:132 - 
****** starting test:test4******

2020-04-28 15:44:00 INFO  Testengine:132 - 
****** starting test:test3******

2020-04-28 15:44:00 INFO  Testengine:132 - 
****** starting test:test3******

2020-04-28 15:44:00 INFO  Testengine:132 - 
****** starting test:test2******

2020-04-28 15:44:00 INFO  Testengine:132 - 
****** starting test:test1******

2020-04-28 15:44:00 INFO  Testengine:136 - Browser Launched at Tue Apr 28 15:44:00 IST 2020
2020-04-28 15:44:00 INFO  Testengine:136 - Browser Launched at Tue Apr 28 15:44:00 IST 2020
2020-04-28 15:44:00 INFO  Testengine:136 - Browser Launched at Tue Apr 28 15:44:00 IST 2020
2020-04-28 15:44:00 INFO  Testengine:136 - Browser Launched at Tue Apr 28 15:44:00 IST 2020
2020-04-28 15:44:00 INFO  Testengine:136 - Browser Launched at Tue Apr 28 15:44:00 IST 2020
2020-04-28 15:44:00 INFO  Testengine:14 - Test started successfully for the method: 
2020-04-28 15:44:00 INFO  Testengine:14 - Test started successfully for the method: 
2020-04-28 15:44:00 INFO  Testengine:14 - Test started successfully for the method: 
2020-04-28 15:44:00 INFO  Testengine:14 - Test started successfully for the method: 
2020-04-28 15:44:00 INFO  Testengine:14 - Test started successfully for the method: 
2020-04-28 15:44:04 INFO  Testengine:144 - 
****** Finishing test:test2******

2020-04-28 15:44:05 INFO  Testengine:106 - test2 : Country selected as Bengaluru
2020-04-28 15:44:05 INFO  Testengine:132 - 
****** starting test:test5******

2020-04-28 15:44:05 INFO  Testengine:136 - Browser Launched at Tue Apr 28 15:44:05 IST 2020
2020-04-28 15:44:05 INFO  Testengine:14 - Test started successfully for the method: 
2020-04-28 15:44:05 INFO  Testengine:47 - test5 : Description Entered as Developer
2020-04-28 15:44:06 INFO  Testengine:144 - 
****** Finishing test:test5******

2020-04-28 15:44:06 INFO  Testengine:132 - 
****** starting test:test6******

2020-04-28 15:44:06 INFO  Testengine:136 - Browser Launched at Tue Apr 28 15:44:06 IST 2020
2020-04-28 15:44:06 INFO  Testengine:14 - Test started successfully for the method: 
2020-04-28 15:44:06 FATAL Testengine:66 - Unable to find the country India in the dropdownlist
2020-04-28 15:44:06 FATAL Testengine:110 - Unable to find the country Bengaluru in the dropdownlist
2020-04-28 15:44:06 FATAL Testengine:27 - Test step Failed: 
2020-04-28 15:44:06 FATAL Testengine:27 - Test step Failed: 
2020-04-28 15:44:06 INFO  Testengine:144 - 
****** Finishing test:test6******

2020-04-28 15:44:06 INFO  Testengine:144 - 
****** Finishing test:test6******

2020-04-28 15:44:06 FATAL Testengine:88 - Unable to find the country Karnataka in the dropdownlist
2020-04-28 15:44:06 FATAL Testengine:27 - Test step Failed: 
2020-04-28 15:44:06 INFO  Testengine:144 - 
****** Finishing test:test6******

2020-04-28 15:44:06 INFO  Testengine:132 - 
****** starting test:testa1******

2020-04-28 15:44:06 INFO  Testengine:132 - 
****** starting test:test7******

2020-04-28 15:44:06 INFO  Testengine:136 - Browser Launched at Tue Apr 28 15:44:06 IST 2020
2020-04-28 15:44:06 INFO  Testengine:136 - Browser Launched at Tue Apr 28 15:44:06 IST 2020
2020-04-28 15:44:06 INFO  Testengine:14 - Test started successfully for the method: 
2020-04-28 15:44:06 INFO  Testengine:58 - SaveforLater_Button is displaying in the screen
2020-04-28 15:44:06 INFO  Testengine:14 - Test started successfully for the method: 
2020-04-28 15:44:07 INFO  Testengine:132 - 
****** starting test:test8******

2020-04-28 15:44:07 INFO  Testengine:136 - Browser Launched at Tue Apr 28 15:44:07 IST 2020
2020-04-28 15:44:07 INFO  Testengine:14 - Test started successfully for the method: 
2020-04-28 15:44:41 INFO  Testengine:74 - *******************************************
Initiating Logger.... 
******************************************* 

2020-04-28 15:44:41 INFO  Testengine:77 - *******************************************
Reading Config File.... 
******************************************* 

2020-04-28 15:44:41 INFO  Testengine:88 - Properties file loaded successfully:
2020-04-28 15:44:41 INFO  Testengine:97 - *******************************************
 Setting Up Excel Sheet.... 
******************************************* 

2020-04-28 15:44:41 INFO  Testengine:105 - Setting up Test Summary
2020-04-28 15:44:41 INFO  Testengine:113 - Getting the WebDriver Instances for the firefox browser
2020-04-28 15:44:41 INFO  Testengine:17 - Initiating Browser Driver
2020-04-28 15:44:41 INFO  Testengine:32 - Initiating Firefox Browser Driver
2020-04-28 15:45:01 INFO  Testengine:132 - 
****** starting test:test3******

2020-04-28 15:45:01 INFO  Testengine:132 - 
****** starting test:verify_Login_API******

2020-04-28 15:45:01 INFO  Testengine:132 - 
****** starting test:test2******

2020-04-28 15:45:01 INFO  Testengine:132 - 
****** starting test:test4******

2020-04-28 15:45:01 INFO  Testengine:132 - 
****** starting test:test1******

2020-04-28 15:45:01 INFO  Testengine:136 - Browser Launched at Tue Apr 28 15:45:01 IST 2020
2020-04-28 15:45:01 INFO  Testengine:136 - Browser Launched at Tue Apr 28 15:45:01 IST 2020
2020-04-28 15:45:01 INFO  Testengine:136 - Browser Launched at Tue Apr 28 15:45:01 IST 2020
2020-04-28 15:45:01 INFO  Testengine:136 - Browser Launched at Tue Apr 28 15:45:01 IST 2020
2020-04-28 15:45:01 INFO  Testengine:136 - Browser Launched at Tue Apr 28 15:45:01 IST 2020
2020-04-28 15:45:01 INFO  Testengine:14 - Test started successfully for the method: 
2020-04-28 15:45:01 INFO  Testengine:14 - Test started successfully for the method: 
2020-04-28 15:45:01 INFO  Testengine:14 - Test started successfully for the method: 
2020-04-28 15:45:01 INFO  Testengine:14 - Test started successfully for the method: 
2020-04-28 15:45:01 INFO  Testengine:14 - Test started successfully for the method: 
2020-04-28 15:45:04 INFO  Testengine:84 - test1 : Country selected as Karnataka
2020-04-28 15:45:04 FATAL Testengine:88 - Unable to find the country Karnataka in the dropdownlist
2020-04-28 15:45:04 FATAL Testengine:27 - Test step Failed: 
2020-04-28 15:45:04 INFO  Testengine:144 - 
****** Finishing test:test1******

2020-04-28 15:45:04 FATAL Testengine:66 - Unable to find the country India in the dropdownlist
2020-04-28 15:45:04 FATAL Testengine:27 - Test step Failed: 
2020-04-28 15:45:04 INFO  Testengine:144 - 
****** Finishing test:test1******

2020-04-28 15:45:04 FATAL Testengine:110 - Unable to find the country Bengaluru in the dropdownlist
2020-04-28 15:45:04 FATAL Testengine:27 - Test step Failed: 
2020-04-28 15:45:04 INFO  Testengine:144 - 
****** Finishing test:test1******

2020-04-28 15:45:05 INFO  Testengine:144 - 
****** Finishing test:test1******

2020-04-28 15:45:06 INFO  Testengine:132 - 
****** starting test:test5******

2020-04-28 15:45:06 INFO  Testengine:132 - 
****** starting test:test6******

2020-04-28 15:45:06 INFO  Testengine:136 - Browser Launched at Tue Apr 28 15:45:06 IST 2020
2020-04-28 15:45:06 INFO  Testengine:14 - Test started successfully for the method: 
2020-04-28 15:45:06 INFO  Testengine:47 - test6 : Description Entered as Developer
2020-04-28 15:45:06 INFO  Testengine:132 - 
****** starting test:testa1******

2020-04-28 15:45:06 INFO  Testengine:136 - Browser Launched at Tue Apr 28 15:45:06 IST 2020
2020-04-28 15:45:06 INFO  Testengine:136 - Browser Launched at Tue Apr 28 15:45:06 IST 2020
2020-04-28 15:45:06 INFO  Testengine:14 - Test started successfully for the method: 
2020-04-28 15:45:06 INFO  Testengine:132 - 
****** starting test:test7******

2020-04-28 15:45:06 INFO  Testengine:136 - Browser Launched at Tue Apr 28 15:45:06 IST 2020
2020-04-28 15:45:06 INFO  Testengine:14 - Test started successfully for the method: 
2020-04-28 15:45:06 INFO  Testengine:14 - Test started successfully for the method: 
2020-04-28 15:45:06 INFO  Testengine:58 - SaveforLater_Button is displaying in the screen
2020-04-28 15:46:51 INFO  Testengine:74 - *******************************************
Initiating Logger.... 
******************************************* 

2020-04-28 15:46:51 INFO  Testengine:77 - *******************************************
Reading Config File.... 
******************************************* 

2020-04-28 15:46:51 INFO  Testengine:88 - Properties file loaded successfully:
2020-04-28 15:46:51 INFO  Testengine:97 - *******************************************
 Setting Up Excel Sheet.... 
******************************************* 

2020-04-28 15:46:51 INFO  Testengine:105 - Setting up Test Summary
2020-04-28 15:46:51 INFO  Testengine:113 - Getting the WebDriver Instances for the firefox browser
2020-04-28 15:46:51 INFO  Testengine:17 - Initiating Browser Driver
2020-04-28 15:46:51 INFO  Testengine:32 - Initiating Firefox Browser Driver
2020-04-28 15:47:12 INFO  Testengine:132 - 
****** starting test:verify_Login_API******

2020-04-28 15:47:12 INFO  Testengine:132 - 
****** starting test:test1******

2020-04-28 15:47:12 INFO  Testengine:132 - 
****** starting test:test2******

2020-04-28 15:47:12 INFO  Testengine:132 - 
****** starting test:test3******

2020-04-28 15:47:12 INFO  Testengine:132 - 
****** starting test:verify_Login_API******

2020-04-28 15:47:12 INFO  Testengine:136 - Browser Launched at Tue Apr 28 15:47:12 IST 2020
2020-04-28 15:47:12 INFO  Testengine:136 - Browser Launched at Tue Apr 28 15:47:12 IST 2020
2020-04-28 15:47:12 INFO  Testengine:136 - Browser Launched at Tue Apr 28 15:47:12 IST 2020
2020-04-28 15:47:12 INFO  Testengine:136 - Browser Launched at Tue Apr 28 15:47:12 IST 2020
2020-04-28 15:47:12 INFO  Testengine:136 - Browser Launched at Tue Apr 28 15:47:12 IST 2020
2020-04-28 15:47:12 INFO  Testengine:14 - Test started successfully for the method: 
2020-04-28 15:47:12 INFO  Testengine:14 - Test started successfully for the method: 
2020-04-28 15:47:12 INFO  Testengine:14 - Test started successfully for the method: 
2020-04-28 15:47:12 INFO  Testengine:14 - Test started successfully for the method: 
2020-04-28 15:47:12 INFO  Testengine:14 - Test started successfully for the method: 
2020-04-28 15:47:16 INFO  Testengine:106 - test3 : Country selected as Bengaluru
2020-04-28 15:47:17 FATAL Testengine:110 - Unable to find the country Bengaluru in the dropdownlist
2020-04-28 15:47:17 FATAL Testengine:88 - Unable to find the country Karnataka in the dropdownlist
2020-04-28 15:47:17 FATAL Testengine:66 - Unable to find the country India in the dropdownlist
2020-04-28 15:47:17 FATAL Testengine:27 - Test step Failed: 
2020-04-28 15:47:17 FATAL Testengine:27 - Test step Failed: 
2020-04-28 15:47:17 FATAL Testengine:27 - Test step Failed: 
2020-04-28 15:47:17 INFO  Testengine:144 - 
****** Finishing test:test3******

2020-04-28 15:47:17 INFO  Testengine:144 - 
****** Finishing test:test3******

2020-04-28 15:47:17 INFO  Testengine:144 - 
****** Finishing test:test3******

2020-04-28 15:47:17 INFO  Testengine:144 - 
****** Finishing test:test3******

2020-04-28 15:47:18 INFO  Testengine:132 - 
****** starting test:test5******

2020-04-28 15:47:18 INFO  Testengine:132 - 
****** starting test:test6******

2020-04-28 15:47:18 INFO  Testengine:136 - Browser Launched at Tue Apr 28 15:47:18 IST 2020
2020-04-28 15:47:18 INFO  Testengine:14 - Test started successfully for the method: 
2020-04-28 15:47:18 INFO  Testengine:132 - 
****** starting test:testa1******

2020-04-28 15:47:18 INFO  Testengine:136 - Browser Launched at Tue Apr 28 15:47:18 IST 2020
2020-04-28 15:47:18 INFO  Testengine:14 - Test started successfully for the method: 
2020-04-28 15:47:18 INFO  Testengine:132 - 
****** starting test:test7******

2020-04-28 15:47:18 INFO  Testengine:136 - Browser Launched at Tue Apr 28 15:47:18 IST 2020
2020-04-28 15:47:18 INFO  Testengine:14 - Test started successfully for the method: 
2020-04-28 15:47:18 INFO  Testengine:136 - Browser Launched at Tue Apr 28 15:47:18 IST 2020
2020-04-28 15:47:18 INFO  Testengine:14 - Test started successfully for the method: 
2020-04-28 15:47:18 INFO  Testengine:58 - SaveforLater_Button is displaying in the screen
2020-04-28 19:43:32 INFO  Testengine:74 - *******************************************
Initiating Logger.... 
******************************************* 

2020-04-28 19:43:32 INFO  Testengine:77 - *******************************************
Reading Config File.... 
******************************************* 

2020-04-28 19:43:32 INFO  Testengine:88 - Properties file loaded successfully:
2020-04-28 19:43:32 INFO  Testengine:97 - *******************************************
 Setting Up Excel Sheet.... 
******************************************* 

2020-04-28 19:43:33 INFO  Testengine:105 - Setting up Test Summary
2020-04-28 19:43:33 INFO  Testengine:113 - Getting the WebDriver Instances for the firefox browser
2020-04-28 19:43:33 INFO  Testengine:17 - Initiating Browser Driver
2020-04-28 19:43:33 INFO  Testengine:32 - Initiating Firefox Browser Driver
2020-04-28 19:43:52 INFO  Testengine:132 - 
****** starting test:verify_Login_API******

2020-04-28 19:43:52 INFO  Testengine:136 - Browser Launched at Tue Apr 28 19:43:52 IST 2020
2020-04-28 19:43:52 INFO  Testengine:14 - Test started successfully for the method: 
2020-04-28 19:43:57 INFO  Testengine:144 - 
****** Finishing test:verify_Login_API******

2020-04-28 19:43:57 INFO  Testengine:132 - 
****** starting test:test1******

2020-04-28 19:43:57 INFO  Testengine:136 - Browser Launched at Tue Apr 28 19:43:57 IST 2020
2020-04-28 19:43:57 INFO  Testengine:14 - Test started successfully for the method: 
2020-04-28 19:43:57 FATAL Testengine:27 - Test step Failed: 
2020-04-28 19:43:57 INFO  Testengine:144 - 
****** Finishing test:test1******

2020-04-28 19:44:08 INFO  Testengine:48 - Test completed successfully for the method: 
2020-04-28 19:44:08 INFO  Testengine:105 - Setting up Test Summary
2020-04-28 19:44:08 INFO  Testengine:113 - Getting the WebDriver Instances for the edge browser
2020-04-28 19:44:08 INFO  Testengine:17 - Initiating Browser Driver
2020-04-28 19:44:08 INFO  Testengine:46 - Initiating Edge Browser Driver
2020-04-28 19:44:25 FATAL Testengine:54 - Unable to initialize the driver
2020-04-28 19:44:25 FATAL Testengine:123 - Failed to open the website
java.lang.NullPointerException
	at com.radio.base.Testengine.setUp_Test(Testengine.java:121)
	at sun.reflect.NativeMethodAccessorImpl.invoke0(Native Method)
	at sun.reflect.NativeMethodAccessorImpl.invoke(NativeMethodAccessorImpl.java:62)
	at sun.reflect.DelegatingMethodAccessorImpl.invoke(DelegatingMethodAccessorImpl.java:43)
	at java.lang.reflect.Method.invoke(Method.java:498)
	at org.testng.internal.MethodInvocationHelper.invokeMethod(MethodInvocationHelper.java:133)
	at org.testng.internal.MethodInvocationHelper.invokeMethodConsideringTimeout(MethodInvocationHelper.java:62)
	at org.testng.internal.ConfigInvoker.invokeConfigurationMethod(ConfigInvoker.java:340)
	at org.testng.internal.ConfigInvoker.invokeConfigurations(ConfigInvoker.java:294)
	at org.testng.TestRunner.invokeTestConfigurations(TestRunner.java:623)
	at org.testng.TestRunner.beforeRun(TestRunner.java:613)
	at org.testng.TestRunner.run(TestRunner.java:584)
	at org.testng.SuiteRunner.runTest(SuiteRunner.java:402)
	at org.testng.SuiteRunner.runSequentially(SuiteRunner.java:396)
	at org.testng.SuiteRunner.privateRun(SuiteRunner.java:355)
	at org.testng.SuiteRunner.run(SuiteRunner.java:304)
	at org.testng.SuiteRunnerWorker.runSuite(SuiteRunnerWorker.java:53)
	at org.testng.SuiteRunnerWorker.run(SuiteRunnerWorker.java:96)
	at org.testng.TestNG.runSuitesSequentially(TestNG.java:1180)
	at org.testng.TestNG.runSuitesLocally(TestNG.java:1102)
	at org.testng.TestNG.runSuites(TestNG.java:1032)
	at org.testng.TestNG.run(TestNG.java:1000)
	at org.testng.remote.AbstractRemoteTestNG.run(AbstractRemoteTestNG.java:115)
	at org.testng.remote.RemoteTestNG.initAndRun(RemoteTestNG.java:251)
	at org.testng.remote.RemoteTestNG.main(RemoteTestNG.java:77)
2020-04-28 19:44:25 INFO  Testengine:14 - Test started successfully for the method: 
2020-04-28 19:44:25 INFO  Testengine:14 - Test started successfully for the method: 
2020-04-28 19:44:25 INFO  Testengine:48 - Test completed successfully for the method: 
2020-04-28 19:44:25 INFO  Testengine:105 - Setting up Test Summary
2020-04-28 19:44:25 INFO  Testengine:113 - Getting the WebDriver Instances for the chrome browser
2020-04-28 19:44:25 INFO  Testengine:17 - Initiating Browser Driver
2020-04-28 19:44:25 INFO  Testengine:19 - Initiating Chrome Browser Driver
